t [s],Q [W],Tin [degC],Tout [degC]
0,0,9.99999999999989,9.99999999999989
1,0,9.99999999999818,10.0000000000002
2,0,9.99999999999949,9.99999999999989
4,0,10.0000000000011,9.99999999999949
8,0,10.0000000000002,9.99999999999983
16,0,9.99999999999972,9.99999999999977
32,0,9.99999999999972,9.99999999999977
64,0,9.99999999999977,9.99999999999972
128,0,9.99999999999972,9.99999999999972
256,0,9.99999999999977,9.99999999999972
512,0,9.99999999999977,9.99999999999972
812,0,9.99999999999977,9.99999999999972
1112,0,9.99999999999977,9.99999999999972
1412,0,9.99999999999977,9.99999999999972
1712,0,9.99999999999972,9.99999999999972
2012,0,9.99999999999977,9.99999999999972
2312,0,9.99999999999972,9.99999999999972
2612,0,9.99999999999972,9.99999999999966
2912,0,9.99999999999955,9.99999999999955
3212,0,9.99999999999972,9.99999999999966
3512,0,9.99999999999972,9.99999999999955
3812,0,9.99999999999972,9.99999999999955
4112,0,9.99999999999943,9.99999999999955
4412,0,9.99999999999938,9.99999999999949
4712,0,9.99999999999955,9.99999999999949
5012,0,9.99999999999943,9.99999999999949
5312,0,9.99999999999955,9.99999999999949
5612,0,9.99999999999955,9.99999999999949
5912,0,9.99999999999955,9.99999999999949
6212,0,9.99999999999955,9.99999999999949
6512,0,9.99999999999943,9.99999999999949
6812,0,9.99999999999943,9.99999999999949
7112,0,9.99999999999943,9.99999999999949
7412,0,9.99999999999955,9.99999999999949
7712,0,9.99999999999955,9.99999999999949
8012,0,9.99999999999943,9.99999999999949
8312,0,9.99999999999938,9.99999999999949
8612,0,9.99999999999938,9.99999999999949
8912,0,9.99999999999943,9.99999999999949
9212,0,9.99999999999943,9.99999999999949
9512,0,9.99999999999943,9.99999999999949
9812,0,9.99999999999955,9.99999999999949
10112,0,9.99999999999955,9.99999999999949
10412,0,9.99999999999943,9.99999999999949
10712,0,9.99999999999938,9.99999999999949
11012,0,9.99999999999955,9.99999999999949
11312,0,9.99999999999938,9.99999999999949
11612,0,9.99999999999938,9.99999999999949
11912,0,9.99999999999943,9.99999999999949
12212,0,9.99999999999955,9.99999999999949
12512,0,9.99999999999943,9.99999999999949
12812,0,9.99999999999943,9.99999999999949
13112,0,9.99999999999943,9.99999999999949
13412,0,9.99999999999943,9.99999999999949
13712,0,9.99999999999943,9.99999999999949
14012,0,9.99999999999943,9.99999999999949
14312,0,9.99999999999955,9.99999999999949
14612,0,9.99999999999943,9.99999999999949
14912,0,9.99999999999943,9.99999999999949
15212,0,9.99999999999943,9.99999999999949
15512,0,9.99999999999955,9.99999999999949
15812,0,9.99999999999943,9.99999999999949
16112,0,9.99999999999955,9.99999999999949
16412,0,9.99999999999943,9.99999999999949
16712,0,9.99999999999943,9.99999999999949
17012,0,9.99999999999943,9.99999999999949
17312,0,9.99999999999943,9.99999999999949
17612,0,9.99999999999955,9.99999999999949
17912,0,9.99999999999943,9.99999999999949
18212,0,9.99999999999943,9.99999999999949
18512,0,9.99999999999955,9.99999999999949
18812,0,9.99999999999943,9.99999999999949
19112,0,9.99999999999938,9.99999999999949
19412,0,9.99999999999943,9.99999999999949
19712,0,9.99999999999943,9.99999999999949
20012,0,9.99999999999943,9.99999999999949
20312,0,9.99999999999943,9.99999999999949
20612,0,9.99999999999943,9.99999999999949
20912,0,9.99999999999943,9.99999999999949
21212,0,9.99999999999955,9.99999999999949
21512,0,9.99999999999943,9.99999999999949
21812,0,9.99999999999943,9.99999999999949
22112,0,9.99999999999955,9.99999999999949
22412,0,9.99999999999943,9.99999999999949
22712,0,9.99999999999972,9.99999999999949
23012,0,9.99999999999938,9.99999999999949
23312,0,9.99999999999938,9.99999999999949
23612,0,9.99999999999955,9.99999999999949
23912,0,9.99999999999938,9.99999999999949
24212,0,9.99999999999938,9.99999999999949
24512,0,9.99999999999955,9.99999999999949
24812,0,9.99999999999943,9.99999999999949
25112,0,9.99999999999955,9.99999999999949
25412,0,9.99999999999955,9.99999999999949
25712,0,9.99999999999955,9.99999999999949
26012,0,9.99999999999955,9.99999999999949
26312,0,9.99999999999955,9.99999999999949
26612,0,9.99999999999955,9.99999999999949
26912,0,9.99999999999955,9.99999999999949
27212,0,9.99999999999938,9.99999999999949
27512,0,9.99999999999955,9.99999999999949
27812,0,9.99999999999938,9.99999999999949
28112,0,9.99999999999938,9.99999999999949
28412,0,9.99999999999955,9.99999999999949
28712,0,9.99999999999938,9.99999999999949
29012,0,9.99999999999938,9.99999999999949
29312,0,9.99999999999938,9.99999999999949
29612,0,9.99999999999955,9.99999999999949
29912,0,9.99999999999938,9.99999999999949
30212,0,9.99999999999943,9.99999999999949
30512,0,9.99999999999943,9.99999999999949
30812,0,9.99999999999943,9.99999999999949
31112,0,9.99999999999943,9.99999999999949
31412,0,9.99999999999943,9.99999999999949
31712,0,9.99999999999938,9.99999999999949
32012,0,9.99999999999955,9.99999999999949
32312,0,9.99999999999938,9.99999999999949
32612,0,9.99999999999938,9.99999999999949
32912,0,9.99999999999943,9.99999999999949
33212,0,9.99999999999955,9.99999999999949
33512,0,9.99999999999955,9.99999999999949
33812,0,9.99999999999955,9.99999999999949
34112,0,9.99999999999943,9.99999999999949
34412,0,9.99999999999943,9.99999999999949
34712,0,9.99999999999943,9.99999999999949
35012,0,9.99999999999938,9.99999999999949
35312,0,9.99999999999943,9.99999999999949
35612,0,9.99999999999955,9.99999999999949
35912,0,9.99999999999943,9.99999999999949
36212,0,9.99999999999938,9.99999999999949
36512,0,9.99999999999955,9.99999999999949
36812,0,9.99999999999938,9.99999999999949
37112,0,9.99999999999938,9.99999999999949
37412,0,9.99999999999955,9.99999999999949
37712,0,9.99999999999938,9.99999999999949
38012,0,9.99999999999938,9.99999999999949
38312,0,9.99999999999955,9.99999999999949
38612,0,9.99999999999943,9.99999999999949
38912,0,9.99999999999943,9.99999999999949
39212,0,9.99999999999943,9.99999999999949
39512,0,9.99999999999943,9.99999999999949
39812,0,9.99999999999955,9.99999999999949
40112,0,9.99999999999943,9.99999999999949
40412,0,9.99999999999943,9.99999999999949
40712,0,9.99999999999943,9.99999999999949
41012,0,9.99999999999955,9.99999999999949
41312,0,9.99999999999943,9.99999999999949
41612,0,9.99999999999955,9.99999999999949
41912,0,9.99999999999943,9.99999999999949
42212,0,9.99999999999943,9.99999999999949
42512,0,9.99999999999938,9.99999999999949
42812,0,9.99999999999943,9.99999999999949
43112,0,9.99999999999955,9.99999999999949
43412,0,9.99999999999955,9.99999999999949
43712,0,9.99999999999955,9.99999999999949
44012,0,9.99999999999955,9.99999999999949
44312,0,9.99999999999943,9.99999999999949
44612,0,9.99999999999943,9.99999999999949
44912,0,9.99999999999943,9.99999999999949
45212,0,9.99999999999955,9.99999999999949
45512,0,9.99999999999955,9.99999999999949
45812,0,9.99999999999943,9.99999999999949
46112,0,9.99999999999955,9.99999999999949
46412,0,9.99999999999943,9.99999999999949
46712,0,9.99999999999943,9.99999999999949
47012,0,9.99999999999943,9.99999999999949
47312,0,9.99999999999943,9.99999999999949
47612,0,9.99999999999943,9.99999999999949
47912,0,9.99999999999938,9.99999999999949
48212,0,9.99999999999955,9.99999999999949
48512,0,9.99999999999938,9.99999999999949
48812,0,9.99999999999943,9.99999999999949
49112,0,9.99999999999943,9.99999999999949
49412,0,9.99999999999955,9.99999999999949
49712,0,9.99999999999955,9.99999999999949
50012,0,9.99999999999955,9.99999999999949
50312,0,9.99999999999955,9.99999999999949
50612,0,9.99999999999955,9.99999999999949
50912,0,9.99999999999943,9.99999999999949
51212,0,9.99999999999943,9.99999999999949
51512,0,9.99999999999943,9.99999999999949
51812,0,9.99999999999943,9.99999999999949
52112,0,9.99999999999943,9.99999999999949
52412,0,9.99999999999943,9.99999999999949
52712,0,9.99999999999943,9.99999999999949
53012,0,9.99999999999943,9.99999999999949
53312,0,9.99999999999943,9.99999999999949
53612,0,9.99999999999943,9.99999999999949
53912,0,9.99999999999943,9.99999999999949
54212,0,9.99999999999943,9.99999999999949
54512,0,9.99999999999943,9.99999999999949
54812,0,9.99999999999943,9.99999999999949
55112,0,9.99999999999943,9.99999999999949
55412,0,9.99999999999955,9.99999999999949
55712,0,9.99999999999938,9.99999999999949
56012,0,9.99999999999955,9.99999999999949
56312,0,9.99999999999938,9.99999999999949
56612,0,9.99999999999938,9.99999999999949
56912,0,9.99999999999938,9.99999999999949
57212,0,9.99999999999955,9.99999999999949
57512,0,9.99999999999955,9.99999999999949
57812,0,9.99999999999955,9.99999999999949
58112,0,9.99999999999943,9.99999999999949
58412,0,9.99999999999943,9.99999999999949
58712,0,9.99999999999943,9.99999999999949
59012,0,9.99999999999955,9.99999999999949
59312,0,9.99999999999943,9.99999999999949
59612,0,9.99999999999943,9.99999999999949
59912,0,9.99999999999943,9.99999999999949
60212,0,9.99999999999955,9.99999999999949
60512,0,9.99999999999955,9.99999999999949
60812,0,9.99999999999955,9.99999999999949
61112,0,9.99999999999955,9.99999999999949
61412,0,9.99999999999943,9.99999999999949
61712,0,9.99999999999938,9.99999999999949
62012,0,9.99999999999955,9.99999999999949
62312,0,9.99999999999938,9.99999999999949
62612,0,9.99999999999938,9.99999999999949
62912,0,9.99999999999938,9.99999999999949
63212,0,9.99999999999955,9.99999999999949
63512,0,9.99999999999943,9.99999999999949
63812,0,9.99999999999943,9.99999999999949
64112,0,9.99999999999955,9.99999999999949
64412,0,9.99999999999955,9.99999999999949
64712,0,9.99999999999955,9.99999999999949
65012,0,9.99999999999955,9.99999999999949
65312,0,9.99999999999955,9.99999999999949
65612,0,9.99999999999955,9.99999999999949
65912,0,9.99999999999955,9.99999999999949
66212,0,9.99999999999955,9.99999999999949
66512,0,9.99999999999955,9.99999999999949
66812,0,9.99999999999955,9.99999999999949
67112,0,9.99999999999955,9.99999999999949
67412,0,9.99999999999955,9.99999999999949
67712,0,9.99999999999955,9.99999999999949
68012,0,9.99999999999955,9.99999999999949
68312,0,9.99999999999955,9.99999999999949
68612,0,9.99999999999955,9.99999999999949
68912,0,9.99999999999943,9.99999999999949
69212,0,9.99999999999938,9.99999999999949
69512,0,9.99999999999938,9.99999999999949
69812,0,9.99999999999955,9.99999999999949
70112,0,9.99999999999938,9.99999999999949
70412,0,9.99999999999938,9.99999999999949
70712,0,9.99999999999955,9.99999999999949
71012,0,9.99999999999943,9.99999999999949
71312,0,9.99999999999943,9.99999999999949
71612,0,9.99999999999955,9.99999999999949
71912,0,9.99999999999955,9.99999999999949
72212,0,9.99999999999955,9.99999999999949
72512,0,9.99999999999943,9.99999999999949
72812,0,9.99999999999943,9.99999999999949
73112,0,9.99999999999955,9.99999999999949
73412,0,9.99999999999955,9.99999999999949
73712,0,9.99999999999955,9.99999999999949
74012,0,9.99999999999955,9.99999999999949
74312,0,9.99999999999955,9.99999999999949
74612,0,9.99999999999955,9.99999999999949
74912,0,9.99999999999955,9.99999999999949
75212,0,9.99999999999943,9.99999999999949
75512,0,9.99999999999943,9.99999999999949
75812,0,9.99999999999955,9.99999999999949
76112,0,9.99999999999955,9.99999999999949
76412,0,9.99999999999943,9.99999999999949
76712,0,9.99999999999943,9.99999999999949
77012,0,9.99999999999938,9.99999999999949
77312,0,9.99999999999955,9.99999999999949
77612,0,9.99999999999938,9.99999999999949
77912,0,9.99999999999938,9.99999999999949
78212,0,9.99999999999943,9.99999999999949
78512,0,9.99999999999955,9.99999999999949
78812,0,9.99999999999938,9.99999999999949
79112,0,9.99999999999943,9.99999999999949
79412,0,9.99999999999943,9.99999999999949
79712,0,9.99999999999943,9.99999999999949
80012,0,9.99999999999943,9.99999999999949
80312,0,9.99999999999955,9.99999999999949
80612,0,9.99999999999955,9.99999999999949
80912,0,9.99999999999955,9.99999999999949
81212,0,9.99999999999943,9.99999999999949
81512,0,9.99999999999938,9.99999999999949
81812,0,9.99999999999943,9.99999999999949
82112,0,9.99999999999943,9.99999999999949
82412,0,9.99999999999955,9.99999999999949
82712,0,9.99999999999955,9.99999999999949
83012,0,9.99999999999943,9.99999999999949
83312,0,9.99999999999938,9.99999999999949
83612,0,9.99999999999955,9.99999999999949
83912,0,9.99999999999943,9.99999999999949
84212,0,9.99999999999938,9.99999999999949
84512,0,9.99999999999943,9.99999999999949
84812,0,9.99999999999943,9.99999999999949
85112,0,9.99999999999955,9.99999999999949
85412,0,9.99999999999943,9.99999999999949
85712,0,9.99999999999943,9.99999999999949
86012,0,9.99999999999955,9.99999999999949
86312,0,9.99999999999955,9.99999999999949
86612,11971.5836860754,16.0257169325071,10.3249627962807
86912,12237.4679596655,16.897168149367,11.0698024542882
87212,12100.9406483223,17.770487949762,12.0081352600847
87512,12105.4845698044,18.6736550552394,12.9091385934278
87812,12064.698690861,19.4274102846869,13.6823156699912
88112,12021.4994006377,20.0668528496315,14.3423293255183
88412,11993.1442980838,20.613803842354,14.9027827480284
88712,12031.9095317007,21.1282182330553,15.398737503674
89012,12067.3355115522,21.585879535314,15.8395292917177
89312,12081.2952882394,21.9880294436665,16.235031687362
89612,12013.7854986815,22.3138400377375,16.5929898002701
89912,11970.0828714266,22.6171279027406,16.9170884401565
90212,12028.9320293033,22.936090900354,17.2080280292572
90512,12056.1640028787,23.210437235037,17.4694067574757
90812,12037.9851346709,23.4451767439895,17.7128028703367
91112,12060.9436401588,23.6889242394969,17.9456177441832
91412,12135.0743635017,23.9474948800905,18.1688880403278
91712,12197.9122167554,24.1892187800234,18.380689152997
92012,12158.3393251204,24.3706220575944,18.5809366646799
92312,12152.8411505687,24.5584051407317,18.7713379261752
92612,12198.2571929329,24.7617562867812,18.9530623853846
92912,12246.6533082415,24.9565908855039,19.1248512149127
93212,12219.1414707079,25.1056496617213,19.2870108661461
93512,12194.6636730017,25.2487800712458,19.4417973698164
93812,12172.4215024982,25.3863094224165,19.5899182307507
94112,12147.6289004125,25.5138058342483,19.7292206435757
94412,12115.8769742869,25.6270720430489,19.857606817198
94712,12133.5079003488,25.7542115286591,19.9763506237311
95012,12125.7778523593,25.8626056714361,20.0884257417412
95312,12116.8981690401,25.9668655993582,20.1969140902915
95612,12081.3724238819,26.0538877652749,20.3008532777121
95912,12065.3191359343,26.1462854902053,20.4008954254747
96212,12009.0275395915,26.2142246099356,20.495640067273
96512,11986.5223609755,26.292288211145,20.5844204202043
96812,12006.4413837936,26.3851999016978,20.6678468617961
97112,12013.7794206129,26.468670483001,20.747823139852
97412,12027.8712469314,26.5546613351248,20.8271035984908
97712,11954.6998043489,26.5967811236267,20.9040669310796
98012,11871.5851620706,26.6286556035171,20.9755198120549
98312,11882.1931613261,26.6998638498584,21.0416766301793
98612,11864.2125998779,26.7534911634424,21.1038661158815
98912,11982.8157400682,26.8734482066874,21.1673454733216
99212,11930.9616560228,26.9134356566085,21.2320253442167
99512,11922.9903980223,26.9743710868726,21.2967566116239
99812,11974.2493134632,27.0634747759858,21.3614512933843
100112,12070.8240255656,27.1763514387344,21.4283399979889
100412,12130.3573762829,27.274136771066,21.4977761156932
100712,12102.4879169269,27.3330997066449,21.570010222394
101012,12012.5552282358,27.3588893600451,21.6386249656471
101312,11973.7981911649,27.4023150269838,21.7005063645243
101612,12008.6398157485,27.4756686151832,21.757268702922
101912,12044.0571581295,27.5476098932845,21.8123445798895
102212,12062.1920713098,27.6119436168555,21.8680426305175
102512,12085.3285723433,27.6799810712181,21.9250627034356
102812,12092.586231915,27.7410126100091,21.9826382138591
103112,12069.2081111169,27.786215702875,22.0389737452003
103412,12208.6487373472,27.9106746742397,22.0970324183601
103712,12247.5718239412,27.9901673223231,22.1579902633035
104012,12198.3904513825,28.028264902469,22.2195075446678
104312,12170.2282460218,28.0738246049124,22.2784778210925
104612,12201.1961481621,28.1445116435,22.3344182396133
104912,12270.5201314191,28.2328163313223,22.389711506837
105212,12287.0108792128,28.2966689005708,22.4457113390409
105512,12266.6226637338,28.3427560321153,22.501507144623
105812,12252.4386837117,28.3899325603672,22.5554379490759
106112,12243.9475760249,28.4369492252324,22.6064979985539
106412,12289.1637305424,28.5076909553994,22.6557082265697
106712,12286.1919643107,28.554409314941,22.7038417128883
107012,12228.3868423298,28.5734782263166,22.7504368728262
107312,12187.9315858117,28.5974466760651,22.7936697304405
107612,12260.2666913551,28.6736591077613,22.8354368737827
107912,12246.1142284148,28.7080894397934,22.8766064738816
108212,12199.1512599484,28.7256049153133,22.9164852677188
108512,12184.2136421968,28.756333386151,22.9543268898668
108812,12134.1400898947,28.7670415156691,22.9888795681002
109112,12126.1623444003,28.7949769501342,23.0206139289912
109412,12146.8912216298,28.8355800049679,23.0513460899061
109712,12117.7440563245,28.85190459662,23.0815502840845
110012,12146.7024151914,28.8965603452575,23.1124163380235
110312,12124.8834475705,28.917200631162,23.1434466085094
110612,12105.592429803,28.9384453948596,23.1738775711439
110912,12088.6821919097,28.9595416879318,23.203026358451
111212,12149.6275974413,29.0172657827068,23.2317288315443
111512,12083.9040003543,29.0148025703958,23.2605625702271
111812,12026.5465893542,29.0161734351326,23.2892464878211
112112,11983.5387993695,29.0201890757164,23.3137420283976
112412,11979.820572351,29.0392457603815,23.3345692973572
112712,12019.639590362,29.0784254584355,23.3547875582631
113012,11993.2418290912,29.0867365292388,23.3756689915763
113312,11988.2708266986,29.1062010846943,23.3975006910283
113612,11989.4670113536,29.1291998054094,23.4199298000029
113912,12034.9861800223,29.1748917220417,23.4439459220311
114212,12044.8438398754,29.2054432350325,23.4698033112823
114512,11999.1683500284,29.2096546502474,23.4957649597577
114812,11947.0202690267,29.2085080456271,23.519450774662
115112,11888.4136909784,29.200126278041,23.5389769013846
115412,11887.1520716521,29.2159112997402,23.5553626941916
115712,11925.9438404746,29.2486307109372,23.5696098345207
116012,11866.722093832,29.2349224074683,23.5841023627864
116312,11903.6338040917,29.269230333349,23.6008332837815
116612,11968.9731466572,29.3213976707557,23.621886648538
116912,11950.8543086629,29.3358915226249,23.6450085184997
117212,11958.7482181354,29.3639379142926,23.6692959056567
117512,11936.5470394235,29.377257292437,23.6931872736639
117812,11922.7566317578,29.3932567058135,23.7157535478336
118112,11910.818355046,29.4085192116918,23.7367009473842
118412,11861.8209154679,29.4037025447043,23.7552163944815
118712,11853.1215346816,29.4160140995346,23.771670511591
119012,11789.339071603,29.3992596792201,23.7852886927425
119312,11772.5552371961,29.4025627094316,23.7965840250525
119612,11782.634781851,29.4178724183502,23.8070939508021
119912,11795.9188975921,29.4356465825146,23.818542345566
120212,11789.028828596,29.4452610521614,23.831437800449
120512,11806.9449659417,29.4684592011656,23.8461044554791
120812,11812.7267382503,29.4873765867894,23.862268616194
121112,11733.7324461815,29.4647554950575,23.8772638540187
121412,11717.738592996,29.4699203776053,23.890044857131
121712,11763.4181005259,29.503959020705,23.9023313537879
122012,11761.7503165947,29.5162755321477,23.915442048055
122312,11750.343801751,29.5250108796304,23.9296090692728
122612,11716.5804118093,29.5228574728935,23.94353346727
122912,11715.8744427707,29.535734742414,23.9567469125232
123212,11685.783396932,29.5332973814019,23.9686386209581
123512,11671.7862372663,29.5373520336271,23.9793585873098
123812,11654.313008679,29.5387808813344,23.9891080200587
124112,11616.7165170267,29.5293245250163,23.9975547550036
124412,11624.6029066845,29.5410146482261,24.0054894545668
124712,11681.0481682684,29.5776425228996,24.015238633248
125012,11709.7998880208,29.6033232799248,24.027228095153
125312,11744.2495163154,29.6367650507833,24.0442652811093
125612,11745.8942503146,29.6571416899673,24.063858713627
125912,11755.6609802583,29.682410342307,24.084476542184
126212,11806.2453979168,29.7283779483297,24.1063563302741
126512,11796.785396504,29.7463223753038,24.1288055198257
126812,11820.4088424971,29.7805911738758,24.151825058401
127112,11830.1287727711,29.8084676150841,24.1750729613836
127412,11868.1253048358,29.8506119255616,24.1991236851636
127712,11881.8408916708,29.8820083678145,24.2239888955903
128012,11921.3524121637,29.926993144316,24.2501586623333
128312,11927.6897833485,29.9569502002488,24.2770979224638
128612,11951.0138635073,29.9955092144085,24.304550231786
128912,11938.1798948964,30.0162356598655,24.3313880908672
129212,11980.8936683659,30.0633470886603,24.3581596275337
129512,11999.3942967896,30.0992112866871,24.3852140025016
129812,11904.189566799,30.0783668233387,24.409705124863
130112,11848.8076691391,30.0716851540194,24.4293957877627
130412,11886.7430842833,30.1061115680141,24.4457577183554
130712,11920.7804091335,30.1383191361919,24.4617570366045
131012,11908.1902663004,30.1492390217897,24.4786722283133
131312,11905.2389232981,30.1655869908448,24.4964255987981
131612,11940.4062557382,30.2012165247651,24.5153087839374
131912,11933.3562013216,30.2172960291242,24.5347454570663
132212,11925.8225788033,30.2330367124725,24.554073579709
132512,11880.5895231616,30.2290516587225,24.5716280762646
132812,11934.8590413494,30.2720187621088,24.5887525519424
133112,11955.7975235788,30.2999338034201,24.6066968874302
133412,11869.7626413977,30.2757233329675,24.6234554084924
133712,11823.309315267,30.267240724432,24.6370934314477
134012,11850.2490900286,30.2914295124437,24.6484537552872
134312,11866.4856603371,30.3101978832671,24.6594904259637
134612,11878.3054000229,30.3281625436591,24.6718266388863
134912,11921.9815395563,30.3639815824903,24.6868475160349
135212,11939.7816240623,30.3901184547238,24.7045081575513
135512,11952.9084999211,30.4159354228304,24.7240742323918
135812,11985.0288761694,30.4523493916264,24.7451927839267
136112,11923.8059402618,30.4432837204849,24.7652808917888
136412,11908.059267631,30.4535285493139,24.7830241361563
136712,11903.8623773431,30.4668554521979,24.798349558225
137012,11939.461210059,30.4986529395044,24.8131952204287
137312,11933.9650799105,30.5112863670689,24.8284458528258
137612,11962.583488917,30.5415177139568,24.8450493859011
137912,11867.3022319547,30.5111303780284,24.8600340770976
138212,11842.9095393258,30.5114531817234,24.8719724487111
138512,11940.9927759625,30.5701181969484,24.8839311607758
138812,11984.1644354109,30.6055056037143,24.898760634471
139112,12024.340881097,30.6438039237233,24.9179273136771
139412,11963.6269321327,30.6353007480352,24.9383355422577
139712,11931.0764374019,30.6383444616256,24.9568794914342
140012,11936.858916204,30.656971757028,24.9727532255023
140312,11980.6830684557,30.6930494145465,24.9879622390914
140612,11966.8995762391,30.7019052831569,25.003381675424
140912,11973.5613235659,30.7210940811725,25.0193982128078
141212,11978.3319117821,30.7397006316432,25.0357330546041
141512,11949.647352841,30.7415412079463,25.0512329446887
141812,11981.9951449094,30.7722313383725,25.0665193646061
142112,12043.0630813966,30.8183189972189,25.0835270536967
142412,12023.8296908629,30.8275786925865,25.1019455064613
142712,12019.7718951956,30.8445014434855,25.1208005410114
143012,12014.6883084459,30.8602209227411,25.1389407758621
143312,12019.4866996378,30.879698037761,25.1561329426954
143612,11987.874515207,30.8802018495236,25.1716901756155
143912,11957.3671081255,30.8790042353743,25.1850198981717
144212,11988.1563202596,30.9060562810332,25.1974104142429
144512,12013.9983227088,30.9314425730677,25.2104909908254
144812,11989.7409632473,30.9335362226018,25.2241357639126
145112,11957.7350970884,30.9312283712139,25.2370688011718
145412,11997.6140673432,30.9630588972739,25.2499093413962
145712,12008.1113586844,30.9814275718189,25.2632793057787
146012,12013.5083637488,30.9982805326013,25.2775622641495
146312,11970.8660757918,30.9916853493993,25.2912729323556
146612,12005.651146046,31.0217755388608,25.3047988026484
146912,12040.1890451573,31.0526427667741,25.3192194119373
147212,11991.995274479,31.043954919581,25.3334809793529
147512,11990.6688452361,31.05686925857,25.3470269513147
147812,12041.8011995255,31.0952183295269,25.3610272821338
148112,12010.7311821874,31.0944346391287,25.3750388380871
148412,11958.2658634954,31.0818677613778,25.3874554454276
148712,11986.8379746188,31.1067304012003,25.3987123180485
149012,12043.1247466295,31.1457892405397,25.4109679326209
149312,12072.6892973352,31.174701004173,25.4258013387753
149612,12115.7308905641,31.213416872953,25.4440212107796
149912,12124.0589674753,31.2379323135346,25.4645709004511
150212,12127.1086160465,31.2606905791394,25.4858769524506
150512,12127.4888906827,31.2816267747136,25.5066320648647
150812,12093.4820968771,31.2850764640156,25.5262754655027
151112,12077.5696586861,31.2948786259771,25.5436549789837
151412,12060.0673650446,31.3009269135433,25.5580376920935
151712,11996.6432307246,31.2818028695416,25.5691156168156
152012,11870.3429125147,31.228880123752,25.5763358796974
152312,11846.7358788106,31.2193756126626,25.578072813229
152612,11859.6494524954,31.2205846431822,25.5731325229463
152912,11866.2958830429,31.2154902744086,25.5648731872453
153212,11862.3172234197,31.2079062996248,25.5591838122821
153512,11911.3838447409,31.2321458382544,25.5600582931397
153812,11936.0850837948,31.2519190122133,25.568068972311
154112,11880.3717066497,31.2339633405326,25.5766434802232
154412,11839.0219549339,31.2207337898187,25.5831042874692
154712,11807.6483646446,31.2092340097184,25.5865443122686
155012,11829.9422566324,31.2219382107655,25.5886323742739
155312,11851.437201113,31.2350421310962,25.5915006067567
155612,11914.8655506077,31.2715456248479,25.5978001245585
155912,11918.4191322053,31.2829518682826,25.6075141862801
156212,11866.5544261813,31.2686404899897,25.6179002870462
156512,11903.8453710246,31.2968322511619,25.6283344554359
156812,11894.3984954974,31.3022393903486,25.6382401067784
157112,11890.6830027096,31.3099654371426,25.6477354358523
157412,11925.2958056732,31.336613471451,25.6579011830352
157712,11912.7536294737,31.3412972078929,25.668557384334
158012,11949.8369341539,31.370820324994,25.6804217849207
158312,11988.2812915835,31.4029140394531,25.6942086625086
158612,11966.8662195547,31.4073738656626,25.7088661420651
158912,12000.9726555999,31.4390838735915,25.7243349899725
159212,12067.839516738,31.4883902215846,25.7417999755189
159512,12078.9174698436,31.5128584076422,25.7609929458119
159812,12093.902824984,31.5411462949204,25.7821449496899
160112,12078.2508148529,31.5546696116575,25.8031216045847
160412,12079.8814501275,31.5746116270919,25.8222871270312
160712,12054.8115299466,31.5792558854282,25.8388694425965
161012,12095.9770534031,31.6145056208181,25.854516547769
161312,12121.8798151019,31.6430668248873,25.8707431034102
161612,12125.633530295,31.6620330104483,25.8879218055459
161912,12082.8373462598,31.6580330479503,25.9043009783028
162212,12035.1468180033,31.6487825952972,25.9177603010099
162512,12045.2994617338,31.6644051729261,25.9285482863862
162812,12156.7007345213,31.7297880993586,25.9408829876818
163112,12159.9787648683,31.7467016441609,25.9562355656522
163412,12111.5132480189,31.7400745311987,25.9726872702373
163712,12093.1984133098,31.7465371453754,25.9878712342755
164012,12117.8565838241,31.772026573271,26.0016186762119
164312,12123.0078102489,31.7875023630684,26.0146415010451
164612,12079.0799921047,31.7783423606102,26.026399507227
164912,12043.4086009409,31.7709360289066,26.0359795522681
165212,11956.3586845502,31.7347484223682,26.0412442868681
165512,11976.4206784524,31.7466266258425,26.0435691599128
165812,11973.3220935649,31.7463801808503,26.0447982315337
166112,11986.3062858491,31.7547657010265,26.0470008030031
166412,12012.0387538496,31.7715608600536,26.0515424058395
166712,11982.775165318,31.763799776604,26.0577163645478
167012,11980.9234707614,31.7701435607379,26.0649419079944
167312,11929.3299798359,31.7507992756384,26.070165951907
167612,11901.8524532666,31.7402477893041,26.0726990020343
167912,11938.269941275,31.7594257351881,26.0745352869619
168212,11959.6095496311,31.7727953912601,26.0777432247691
168512,12000.3747610398,31.7985432904678,26.0840791185441
168812,12079.9981315887,31.8476442818549,26.0952642191936
169112,12092.0991825667,31.8682450078742,26.1101025399853
169412,12067.3021830142,31.8735633267153,26.1272289538514
169712,12102.3583140837,31.9073511135092,26.1443233448979
170012,12150.2722608112,31.9476692329238,26.1618252992042
170312,12187.1863973376,31.9842466654366,26.1808245714663
170612,12167.7008678915,31.9945344819832,26.2003912115587
170912,12138.0633548133,31.9986031897802,26.2185730208215
171212,12191.3111084008,32.0413644440932,26.2359782019976
171512,12200.2034149712,32.0627781831722,26.2531575093764
171812,12145.8480079033,32.0525972032889,26.2688600566683
172112,12126.882731784,32.0568732225955,26.2821671598412
172412,12179.9421975172,32.0946579688384,26.2946854938302
172712,12150.78392701,32.0926972003579,26.3066096160674
173012,12129.740968464,32.0937600304991,26.3176929026591
173312,12151.9052410913,32.1150577364109,26.3284361930341
173612,12185.1455209924,32.1424748189006,26.340024570809
173912,12082.0637338682,32.1032346546384,26.349870971844
174212,12006.1591228423,32.0725718017628,26.3553531718379
174512,12028.2989924704,32.0851569011902,26.3573954762043
174812,12057.3944689203,32.1004996463225,26.3588832325509
175112,12042.1060861557,32.0957182809227,26.36138204942
175412,11977.6669959486,32.0671935145105,26.3635425640588
175712,12015.8284801285,32.0877258823722,26.3659027965967
176012,12040.7732571989,32.1031474982889,26.3694459472418
176312,11937.7425523484,32.0564562152837,26.3718169046416
176612,11912.376301073,32.0444514173058,26.3718912739377
176912,11932.8650028428,32.0529369826193,26.3706203145989
177212,11940.379565075,32.0555788336002,26.3696838026121
177512,11917.2461798397,32.0443740456577,26.3694949124007
177812,11901.2883695183,32.036955469014,26.3696752930529
178112,11904.1657181536,32.0387661278817,26.3701157859038
178412,11901.2413187819,32.0381310935063,26.3708733226578
178712,11886.8955252963,32.0322115266508,26.3717850860335
179012,11879.8627865574,32.0298308412436,26.3727533238353
179312,11834.1513219611,32.0079593601744,26.3726492068596
179612,11828.2169869382,32.0039493572639,26.3714650777695
179912,11825.5013126611,32.0009472196543,26.3697561183871
180212,11811.7884127263,31.9926387624266,26.3679776135093
180512,11781.2186955998,31.9759011037547,26.3657969629929
180812,11795.9469041784,31.9809667068353,26.363849133417
181112,11803.5750376194,31.9835384526444,26.3627884347304
181412,11787.3504533413,31.9755094981858,26.3624854727852
181712,11761.8477361098,31.9629813591671,26.3621014848291
182012,11779.6588773585,31.9713072887826,26.3619459186119
182312,11754.7386788672,31.9591187685029,26.3616241595185
182612,11799.3525049476,31.9813129867941,26.3625736987238
182912,11808.4104968955,31.9883606773358,26.3653080597665
183212,11833.1324350808,32.0051029044253,26.3702779353392
183512,11885.502651481,32.0379804652096,26.3782172978377
183812,11970.3568251689,32.0891975652651,26.389027648518
184112,11897.6540535187,32.0685738162825,26.4030242669879
184412,11887.4032125322,32.0790283834909,26.418360187047
184712,11863.3865232842,32.0785972125156,26.4293655347612
185012,11877.0598762347,32.092784862911,26.437042064704
185312,11804.8178799325,32.0625602364473,26.4412183888604
185612,11871.6081610405,32.0982094578537,26.4450627145011
185912,11929.8716361665,32.1323306552843,26.4514393999669
186212,11971.2626371294,32.1625237220068,26.4619224662309
186512,12028.3276975539,32.2047427478137,26.4769676537404
186812,12085.4605545738,32.2512224414318,26.4962412249681
187112,12139.9645827652,32.3000712527166,26.5191357371141
187412,12213.1153359579,32.3604554581265,26.5446862505275
187712,12238.3748642866,32.40067215521,26.5728746007878
188012,12298.8691628626,32.459918636203,26.6033142729351
188312,12354.1650138176,32.5182793919203,26.6353436710548
188612,12356.0321733998,32.5515514730164,26.6677266285403
188912,12362.3215787847,32.5857540891855,26.6989342897642
189212,12343.7323055119,32.605396314141,26.7274285496115
189512,12279.0423345108,32.598219479873,26.7510564634393
189812,12221.6904573177,32.5900730629334,26.7702204642107
190112,12206.7696324246,32.5964004888442,26.7836530448325
190412,12157.0965881047,32.5808102414014,26.7917166280182
190712,12117.9563884136,32.5664995770214,26.7960441539673
191012,12093.528536276,32.556584690917,26.7977615784046
191312,12099.0549118433,32.5602608955425,26.7988061756171
191612,12102.0743367544,32.5632344692768,26.8003419279652
191912,12095.5249151778,32.5626089633985,26.8028351942662
192212,12104.2553234047,32.5705102660332,26.80657915965
192512,12053.2328279624,32.5496227166223,26.8099880366402
192812,12041.7955330128,32.5465802148163,26.8123918657626
193112,12013.5954876531,32.5340125431673,26.813252787142
193412,12010.6155279125,32.5325589348969,26.8132182073195
193712,11973.7448167814,32.5139575133985,26.8121742673121
194012,11938.7772261998,32.4949358303941,26.809803817918
194312,11978.751378082,32.5119547712358,26.8077874483396
194612,12052.2799961334,32.5482627486551,26.8090817981154
194912,12051.0557250901,32.5521273158836,26.813529351555
195212,12074.400368158,32.5715851289847,26.8218706679571
195512,12116.0949785879,32.60317768256,26.8336086451372
195812,12122.9012974591,32.6191536693962,26.846343527749
196112,12038.4897325085,32.5894646303499,26.8568504720125
196412,12052.3176380867,32.6040458739053,26.8648469986259
196712,12031.0130732377,32.5994237794991,26.8703699351002
197012,12038.4609604272,32.6073998696436,26.8747994122973
197312,12003.6319770245,32.594183533396,26.8781683062415
197612,11976.2164813843,32.5831426118501,26.8801823826195
197912,12001.1761044827,32.5967378330521,26.8818920690127
198212,12008.2114152309,32.6024429776996,26.8842470656849
198512,12099.3071283439,32.6517392048133,26.8901643817924
198812,12126.9724501076,32.6750794486433,26.9003306628778
199112,12132.6735884941,32.6910499112994,26.9135862977308
199412,12156.5619931253,32.7173638414192,26.9285247970738
199712,12193.4289381834,32.751026278908,26.9446315464397
200012,12214.7886307217,32.7780723921902,26.9615063775608
200312,12283.567753401,32.8300234706516,26.9807054928416
200612,12262.3887965586,32.8399335360687,27.0007007758027
200912,12259.6916543254,32.858027978295,27.0200795714734
201212,12229.3972853207,32.8605274305081,27.0370049136887
201512,12230.93602707,32.8756009947395,27.0513457437538
201812,12143.3911014904,32.84393175293,27.0613645617441
202112,12094.9810826851,32.8260215448536,27.066506743575
202412,12055.429096893,32.8077888564152,27.0671083340852
202712,12044.1315274501,32.8002639772933,27.0649632499361
203012,12027.9921766637,32.7893551900942,27.0617398678734
203312,12039.6993646707,32.7923939668768,27.0592037932241
203612,11980.0654458379,32.7612564866671,27.0564634172205
203912,12012.2576229178,32.7745119633205,27.0543892857406
204212,12099.8875931264,32.817567410226,27.0557161754039
204512,12091.6094095005,32.8180706471943,27.060161404575
204812,12057.5996419078,32.8096395506931,27.0679254354989
205112,12084.883389721,32.8316125501279,27.0769061740703
205412,12081.9245355665,32.8377707119917,27.0844733141029
205712,12149.5834584115,32.8773141442775,27.0917982117006
206012,12138.6220686089,32.8811446259036,27.1008484027565
206312,12047.2803994353,32.8455602003875,27.1087600101802
206612,12052.1142477435,32.8534177308661,27.1143157081311
206912,11998.9005720066,32.8300556842837,27.1162935071377
207212,11961.5550101368,32.8109067523922,27.1149281761366
207512,11913.599619437,32.7835876038295,27.1104449279071
207812,11888.37742113,32.7648573719865,27.1037252666865
208112,11869.6199315131,32.7480117326327,27.0958117652455
208412,11900.7910675382,32.7559614227739,27.0889180572795
208712,11907.6792636747,32.7545617576002,27.0842382987075
209012,11917.0772678977,32.7569250179517,27.0821263189528
209312,11813.19381561,32.704444628782,27.0791142403963
209612,11760.1599701122,32.6729079894307,27.0728318131868
209912,11810.5816412714,32.689199166667,27.0651126708235
210212,11813.6918276549,32.6836641498365,27.058096612858
210512,11748.1751089229,32.6456775703837,27.0513084708966
210812,11741.4550292409,32.6355829788617,27.0444139173184
211112,11702.3007354019,32.6089250647697,27.0364009050545
211412,11738.7227715034,32.6186897741289,27.0288217876987
211712,11700.726242836,32.5933766135811,27.0216022122306
212012,11759.7434453106,32.6165876526899,27.0167098215896
212312,11827.1365200299,32.6480958500716,27.0161260786288
212612,11824.5867628134,32.6501286050643,27.0193730037246
212912,11772.2900446273,32.6292366764851,27.0233842742816
213212,11858.9953965334,32.6758766195845,27.0287359545686
213512,11850.3098220255,32.6779406022292,27.0349359250742
213812,11859.0550453925,32.6891533105158,27.0419842412813
214112,11871.0059213682,32.7024543253909,27.0495943628346
214412,11864.4530616776,32.7068421887129,27.0571026355331
214712,11819.8982605265,32.6914327580753,27.0629097768722
215012,11827.4636837251,32.6991764140929,27.0670508504143
215312,11808.9526606298,32.6929140679405,27.0696032771644
215612,11762.6977381862,32.6713664860537,27.0700818488222
215912,11748.9951123346,32.6637261526332,27.068966575331
216212,11749.6242644481,32.6614275125171,27.0663683389704
216512,11759.3748599542,32.6638628559481,27.0641605416842
216812,11804.5818252665,32.6855411623707,27.0643117217676
217112,11745.8299320621,32.6585249177251,27.0652725691241
217412,11802.3084916071,32.6878460634226,27.0676991626573
217712,11880.5438274331,32.7307738636198,27.0733720410326
218012,11858.4467167912,32.7284020484441,27.0815226594959
218312,11823.8376764981,32.7202452231079,27.0898463295374
218612,11755.4194566801,32.6928321065041,27.0950133176088
218912,11689.9600239339,32.6615796275538,27.0949319971091
219212,11705.5682549612,32.6653543552292,27.0912742338191
219512,11666.4481201916,32.6408568012284,27.0854053154229
219812,11666.3512751967,32.6345769435022,27.0791715743609
220112,11674.4020024708,32.6330732629519,27.0738342141563
220412,11666.1917046068,32.6249943547703,27.0696649716242
220712,11677.3193307101,32.6275367014735,27.0669084487544
221012,11666.7548158228,32.6206688994752,27.065071368131
221312,11687.9888483098,32.6301514285673,27.0644424531817
221612,11707.0681246079,32.6401794369463,27.0653850918949
221912,11649.7143141544,32.6135818419257,27.0660988351855
222212,11655.7482608731,32.6164839368831,27.0661276221816
222512,11701.547208875,32.6389504282466,27.0667850906871
222812,11681.3865378643,32.6307205590834,27.0681555410528
223112,11710.4850783016,32.6473689516794,27.0709474858215
223412,11682.6164824671,32.6371767790114,27.0740260730747
223712,11704.2209640966,32.6508836694997,27.077445115168
224012,11662.1931274313,32.6333103091768,27.0798850104
224312,11652.0705177996,32.629611927278,27.081006918802
224612,11663.200700651,32.6353463472195,27.0814412516714
224912,11708.963990586,32.6588525718036,27.0831554334293
225212,11703.7540466293,32.6597123844007,27.0864961717201
225512,11658.6030572611,32.6414883502652,27.0897726087123
225812,11681.5337386952,32.6553631477451,27.0927280340807
226112,11648.5528813886,32.6413864661753,27.0944565226569
226412,11605.3598899371,32.6204644482525,27.0941025959015
226712,11591.0537745599,32.6112710621746,27.0917216457175
227012,11655.6870658231,32.6403633704823,27.0900361962808
227312,11731.4343550553,32.6787054099753,27.0923080980442
227612,11724.7697747842,32.6816923328003,27.0984686305221
227912,11678.4524842446,32.6667359475632,27.1055680979229
228212,11710.2521540791,32.6887864751811,27.1124759256196
228512,11717.313347371,32.698575434602,27.1189024120444
228812,11713.4172117701,32.702834798772,27.1250170788815
229112,11796.1925504021,32.7504144778027,27.1331799299922
229412,11771.8765497768,32.7484433927407,27.142787892847
229712,11712.3642098043,32.7285983739082,27.1512820835252
230012,11765.0749809014,32.7613807004838,27.1589640429117
230312,11800.9818771678,32.7866438988124,27.1671287192087
230612,11811.916780221,32.8013521286437,27.176629852348
230912,11844.6185215749,32.8282758211556,27.1879812870723
231212,11802.7424325038,32.8195339839557,27.1991804446682
231512,11773.8496630329,32.8149578462777,27.208362768643
231812,11811.4331366277,32.8407142943014,27.2162223244787
232112,11855.1588911177,32.87007417428,27.2247604166049
232412,11878.7223975769,32.8918060277497,27.2352715527131
232712,11898.3515308833,32.9137210304837,27.2478393491107
233012,11917.9065007214,32.9370374572627,27.2618438854906
233312,11964.6572043079,32.9748678217836,27.2774120102084
233612,11998.8342741399,33.0083820384995,27.2946514317662
233912,12005.0644163783,33.0295344626057,27.3128371214732
234212,12019.3164153901,33.0546896386174,27.3312056312888
234512,12012.1678007159,33.0687248368341,27.3486449317313
234812,11981.4071954027,33.0692176545196,27.3637856567088
235112,11952.6165240124,33.0683944175424,27.3766722632508
235412,11942.4179972719,33.0733360794857,27.3864703664991
235712,11943.3411237071,33.0807540164931,27.3934487194897
236012,11966.9226593093,33.0977534087877,27.3992188091166
236312,12024.2299315133,33.1317834608796,27.4059596839685
236612,12020.5081645526,33.1402200650069,27.4161685580771
236912,12066.3343729259,33.1763052819536,27.4304317710365
237212,12097.4266690597,33.2079392204463,27.4472598542274
237512,12060.1193480244,33.206359013561,27.4634450383113
237812,12071.4732361595,33.2265206404489,27.4782000518015
238112,12110.8656380261,33.2596749568236,27.4925960815731
238412,12020.6590546457,33.2287022055256,27.5045788461705
238712,12036.24451911,33.2458643108596,27.5143193017596
239012,12026.1812049872,33.2487872134743,27.5220342587185
239312,12055.493664164,33.2702332218749,27.5295219532254
239612,12058.4819955161,33.2797717338645,27.5376374502854
239912,12108.1985204202,33.3136081455854,27.5477993263377
240212,12115.8773211861,33.3292895687586,27.5598241777176
240512,12142.4917309555,33.3556553920548,27.5735164725522
240812,12141.0873383646,33.3692777439941,27.5878075828681
241112,12150.8917527846,33.388202106896,27.6020631769986
241412,12097.4107013991,33.3749478226658,27.6142760600948
241712,12044.9508900466,33.3584109924956,27.6227200924734
242012,11938.2878366191,33.3098368807806,27.624937910962
242312,11912.397091165,33.2941690785833,27.6215990351714
242612,11913.4631369141,33.2884226814807,27.6153449972359
242912,11929.9822066141,33.2903667344445,27.609422826533
243212,11987.269351121,33.3152580343649,27.6070345338311
243512,11965.721550976,33.3057931316966,27.6078304883747
243812,11989.8441097548,33.3206988560591,27.6112492799854
244112,11991.8456127649,33.3264672861632,27.616064613418
244412,11982.6546348117,33.3272174889576,27.6211914723806
244712,11998.2926650129,33.3400247288172,27.626552031192
245012,11993.5861613522,33.343173879077,27.6319423736712
245312,12038.1809905833,33.3710032201403,27.6385360817673
245612,12033.2920474765,33.3763151207934,27.6461760505665
245912,12111.5411765848,33.4239077508599,27.6565071905814
246212,12161.5914661164,33.4615695138748,27.6703354823908
246512,12120.4281978767,33.4570620345601,27.6854295593807
246812,12094.6430386677,33.458541291572,27.699187463635
247112,12135.5966651081,33.4904827533877,27.7116271985743
247412,12213.9143592089,33.5414468219213,27.7252971270599
247712,12185.3144096197,33.5425350894633,27.7400044182158
248012,12166.4602337599,33.547948041087,27.7543955488204
248312,12228.6724186019,33.5922198469978,27.7690425048064
248612,12218.1979061318,33.601735469859,27.7835459907486
248912,12200.3508467534,33.6068900499818,27.7971991705754
249212,12165.4499790102,33.6016901017755,27.8086186831992
249512,12159.7920578887,33.6084311235198,27.8180539530966
249812,12180.7420135947,33.6259561971654,27.8256028573584
250112,12209.8901069914,33.6481225179707,27.8338891336891
250412,12234.0952123864,33.669876719101,27.8441170941551
250712,12279.70229714,33.7045305709461,27.8570532865937
251012,12230.7429011838,33.6945358007259,27.8703725144479
251312,12211.6463713539,33.6972286129683,27.8821589123236
251612,12115.567276151,33.6585173415621,27.889199591014
251912,12103.4744644592,33.6551788877421,27.891619618952
252212,12096.499526778,33.6513140872584,27.8910762173641
252512,11985.9571201312,33.5943652782805,27.8867666496466
252812,11922.5156287944,33.5556128613142,27.8782244666502
253112,11953.1882455845,33.5598210006514,27.8678265979921
253412,11989.5649413956,33.5682716404106,27.8589550016508
253712,12080.176376528,33.6081521967873,27.8556872555835
254012,12086.526363319,33.6136081238853,27.8581193794477
254312,12077.0431986271,33.6149383940789,27.8639654423517
254612,12050.9778027734,33.608591962229,27.8700311037655
254912,12085.4153908207,33.6308109113847,27.8758512014701
255212,12117.3104264409,33.6525001186795,27.8823522965648
255512,12105.3340236828,33.6539768157051,27.8895320425228
255812,12106.0139896746,33.661774115043,27.8970055485313
256112,12115.2351683225,33.6736323705649,27.9044727666018
256412,12080.5277101385,33.6633996715951,27.910767428672
256712,12082.782633966,33.6695539108845,27.9158478947102
257012,12108.8494406036,33.6868963048503,27.9207775236105
257312,12049.4752491746,33.6623667153202,27.9245213585704
257612,11979.0428328852,33.629460164062,27.9251540531643
257912,11976.8306788246,33.6260908180424,27.9228381138402
258212,11919.0080807589,33.5931312238595,27.9174130901648
258512,11904.5816745818,33.5789199033131,27.9100714868456
258812,11895.1133416592,33.5663951408949,27.9020554543905
259112,11825.4146712553,33.5238367351128,27.8926868916579
259412,11838.2972795785,33.5202053686235,27.8829209497766
259712,11883.2006216486,33.5335770839351,27.8749101212453
260012,11828.3041126181,33.5005810719575,27.8680553040441
260312,11844.1151918351,33.502542088676,27.8624872354212
260612,11827.617265851,33.4896355201083,27.857436822084
260912,11856.1487626029,33.4994075686689,27.8536224436199
261212,11870.9548721599,33.5044118933565,27.851576239947
261512,11836.1239208195,33.4864642348697,27.8502147487652
261812,11857.151513118,33.4957435489713,27.849480923677
262112,11867.9322543726,33.5008572225214,27.8494609109154
262412,11809.1213876452,33.4719675316585,27.8485763946846
262712,11789.1441470395,33.4598984690144,27.8460203037575
263012,11790.3415478969,33.4565950896717,27.8421467335303
263312,11885.4099195668,33.500262763053,27.8405437537355
263612,11946.4358701874,33.5326216956115,27.843842709808
263912,11929.9806148293,33.5319463015493,27.8510031516306
264212,11846.7968944634,33.4988195354925,27.8574876809861
264512,11928.2130270513,33.5435617505594,27.8634603091064
264812,11960.2567630822,33.5653972558953,27.8700368925228
265112,11954.2565326958,33.5701858903328,27.8776827795253
265412,11970.4216177688,33.586543402864,27.8863426324979
265712,11983.584147435,33.602046540214,27.8955778985783
266012,11998.443925435,33.6187381941733,27.9051934677757
266312,12061.5091480237,33.6600796405315,27.9165038557583
266612,12051.7803920976,33.6678984986058,27.9289554547498
266912,12086.9695560518,33.6982867247495,27.9425869361534
267212,12096.3794339623,33.7169030770862,27.956722394247
267512,12026.6676628793,33.6956860506327,27.9687014492616
267812,12050.1213942423,33.716626667202,27.9784736223247
268112,12030.0723398495,33.7145967299967,27.9859908538779
268412,12032.1379691833,33.7218042299209,27.992214720786
268712,12067.1261264715,33.7450695062376,27.9988189698226
269012,12033.7088498913,33.7357038192866,28.0053662717193
269312,11977.576273261,33.7136509637443,28.0100432145724
269612,11981.4267771878,33.7181014206196,28.0126600981492
269912,11956.2295971983,33.7067236388862,28.0132809735537
270212,11930.3358640465,33.6933855119914,28.0122731957788
270512,11921.1295618315,33.6869931127872,28.0102647500103
270812,11827.6735070521,33.6377306663536,28.005505186805
271112,11843.4962351962,33.638719170784,27.9989590587858
271412,11857.8678184392,33.6389439195185,27.9923401964522
271712,11862.4039777322,33.6359251708802,27.9871613719601
272012,11829.3799355525,33.6159579564976,27.9829198919488
272312,11787.5959849206,33.5912051169674,27.9780641717671
272612,11775.6000947113,33.5794466009578,27.9720179844286
272912,11724.6553579982,33.5471514144171,27.9639821963227
273212,11709.5873005024,33.5304528037163,27.9544588510961
273512,11815.800865419,33.5740844051243,27.9475125644486
273812,11852.8694635331,33.5896331236297,27.9454095695663
274112,11765.835332698,33.5480674160817,27.9452886862255
274412,11753.0207442682,33.5412959332043,27.9446193883147
274712,11742.6280444301,33.533841602734,27.9421139625292
275012,11785.8682550769,33.551912147713,27.9395939310097
275312,11794.6118863171,33.5549268868259,27.9384450361987
275612,11810.5473016297,33.563447881157,27.9393777375238
275912,11794.9962010106,33.558027443263,27.9413625856389
276212,11817.1148994476,33.571317840801,27.9441202696355
276512,11888.9465020307,33.6105879266161,27.949184830411
276812,11977.9642270054,33.6626719073908,27.9588794183406
277112,11886.0690987954,33.6314186530803,27.971385748892
277412,11745.7043535458,33.5766059510614,27.9834134017539
277712,11778.8842135276,33.5981447767138,27.9891522940816
278012,11873.1004922617,33.6403708924562,27.9865135151887
278312,11831.1341494651,33.6160170325119,27.9821436280047
278612,11814.4708259151,33.6070261576129,27.9810876690819
278912,11806.3509616567,33.6042119586371,27.9821400721339
279212,11780.8913867864,33.5927283314447,27.9827800520226
279512,11798.2542085537,33.6010237631115,27.982807473324
279812,11820.0656195721,33.6119279397142,27.9833252637275
280112,11827.4158592371,33.6172169506566,27.9851141605437
280412,11828.3055438754,33.6205923767345,27.98806592727
280712,11846.2145207597,33.6331387908305,27.9920842571354
281012,11850.671893742,33.6399771192395,27.9968000269814
281312,11830.8488398304,33.6349988024777,28.0012612597013
281612,11802.9615500007,33.6247859200954,28.0043280391427
281912,11798.8984970243,33.6243932900181,28.005870196197
282212,11854.0788063902,33.6527719989732,28.0079725673588
282512,11874.0736884943,33.6663173394061,28.0119965353612
282812,11899.8439278401,33.6851452154807,28.0185528688902
283112,11943.110852979,33.7150653777639,28.0278697334882
283412,11906.4325488715,33.7083094485325,28.0385796633556
283712,11896.850370908,33.7143962166323,28.0492293733428
284012,11951.7627615448,33.7496876827634,28.0583720820278
284312,11947.3453554857,33.7562141555486,28.0670020815078
284612,11874.2707972963,33.728001221726,28.0735865563468
284912,11860.7308283033,33.7254773843944,28.0775103232976
285212,11850.9739240358,33.7223180325483,28.0789971163408
285512,11826.2682575415,33.7101392099924,28.0785828968774
285812,11812.4350766663,33.7019455632299,28.0769764791031
286112,11846.9021628785,33.7173383825514,28.0759564002283
286412,11838.3637365424,33.7132934377544,28.0759773727342
286712,11864.9248189918,33.7277043953212,28.0777401958013
287012,11881.4713555971,33.7391541803117,28.0813106776464
287312,11904.91311704,33.7557610599164,28.0867548137069
287612,11943.4590469175,33.7817682248073,28.0944067738942
287912,11920.7581162211,33.7798852727412,28.1033337888264
288212,11856.8358438533,33.7582305845146,28.1121182779178
288512,11771.2991736682,33.7228891088797,28.1175085499901
288812,11735.2681092841,33.7044290010466,28.1162060918637
289112,11723.1780724804,33.6894646155218,28.1069988667216
289412,11796.4168845125,33.7159968746078,28.0986555010304
289712,11790.8474239162,33.7084329425247,28.0937436930408
290012,11762.2272041026,33.6923578139226,28.0912972405404
290312,11769.1508428112,33.6943492904277,28.0899917462319
290612,11749.2337402455,33.6833199241362,28.0884467144955
290912,11728.91616648,33.6711984670193,28.086000292505
291212,11652.9112386246,33.6298833240038,28.0808779722778
291512,11733.5525415782,33.6631926977204,28.0757867255403
291812,11749.8817086817,33.6677431447978,28.0725613787589
292112,11772.3128834168,33.6782701391975,28.07240686138
292412,11820.8517827761,33.7048901422143,28.0759131027971
292712,11868.0090164124,33.7346087389846,28.0831758740263
293012,11843.1445745644,33.7316726569673,28.0920800024128
293312,11915.5862476755,33.7769804723288,28.1028917829595
293612,11908.1777529866,33.7850524544392,28.1144916196837
293912,11849.7219015664,33.7671553821825,28.1244306671509
294212,11832.7559492474,33.7669071664274,28.1322614763096
294512,11788.6866206737,33.7486504392009,28.134990143642
294812,11748.5866512319,33.7284619763266,28.1338969043114
295112,11693.0368005186,33.6972690043642,28.1291562422125
295412,11699.5312567413,33.6934263117745,28.1222209514215
295712,11759.3217142901,33.7143674961737,28.1146904893689
296012,11816.0416907841,33.7366292611301,28.1099427417091
296312,11801.2977193022,33.7306185118181,28.110952931198
296612,11726.8311498248,33.7020581422613,28.1178528328209
296912,11725.5321804052,33.7089464748632,28.1253597222893
297212,11784.0522804295,33.737654338842,28.1262008719708
297512,11857.5451090681,33.7695786682353,28.1231286162981
297812,11895.1383988347,33.7887667713038,28.1244151528111
298112,11963.3771301826,33.8325542519896,28.1357079995217
298412,12036.2809247516,33.8882846573446,28.1567223122248
298712,11970.5001145248,33.8775594440606,28.1773212942869
299012,12000.5515021602,33.9102072737148,28.1956589393528
299312,11961.3289221642,33.9063390151296,28.2104680998133
299612,11968.6741601055,33.9218766804779,28.2225080328086
299912,11986.9235289779,33.9411824538476,28.2331236305248
300212,11959.5133692233,33.9374185809062,28.2424122146094
300512,11962.9969672315,33.9473662765314,28.2507010540402
300812,11908.1492425054,33.9272163881461,28.2566691298102
301112,11941.5319477396,33.9478889592608,28.2614451746229
301412,11915.1550014183,33.9390164838932,28.2651331498845
301712,11884.8978491082,33.9269967728175,28.2675216065755
302012,11896.3776368487,33.9341480514721,28.2692063196394
302312,11896.729022347,33.9358754216751,28.2707663634146
302612,11819.1315144758,33.8987033799243,28.2705455158882
302912,11825.4698701432,33.8999109547667,28.2687348261271
303212,11901.5926470246,33.9355754562342,28.2681503862225
303512,11912.7415078739,33.9422003805154,28.2694663291469
303812,11878.8432237388,33.9302174398015,28.2736254284973
304112,11872.8347043394,33.93151683759,28.2777860259998
304412,11864.1692374454,33.9303322954373,28.2807278966538
304712,11909.8421638718,33.9552564430422,28.2839030316747
305012,11920.1440862641,33.9645458543851,28.2882867656879
305312,11870.1179080617,33.944966321983,28.292529222906
305612,11861.7700987649,33.944111091755,28.2956491399622
305912,11874.2873904535,33.9522678699989,28.2978453031163
306212,11897.3121907607,33.9657613365113,28.3003745790062
306512,11934.3461433006,33.9878128350877,28.3047908620874
306812,12012.663789778,34.0318856717781,28.3115695814076
307112,11988.6751411892,34.0306500846891,28.3217571603133
307412,11973.7541444258,34.0362553532681,28.3344676654463
307712,12050.971829934,34.086346542126,28.3477885278717
308012,12094.571408737,34.1213889850827,28.3620692666365
308312,12092.7983265293,34.1357172153126,28.3772418217272
308612,12050.4700817443,34.1296784210359,28.391359334491
308912,12050.7273453911,34.1418240765821,28.4033824835387
309212,12011.0930691969,34.1317468376471,28.4121787094581
309512,11926.4222781474,34.0953505641949,28.4161018603152
309812,11933.8904894286,34.0992736604252,28.4164686654592
310112,11952.2356481482,34.1055491586341,28.4140083738016
310412,11878.6042050934,34.0671797930812,28.4107016001796
310712,11835.348580877,34.0435047210982,28.4076244444901
311012,11840.2339594976,34.0414585020239,28.4032518546441
311312,11850.8613767449,34.0413947020338,28.3981273797743
311612,11945.6082239678,34.0844954737033,28.3961106051472
311912,11930.7586713525,34.0790111489083,28.3976974958833
312212,11906.0617118045,34.0707305970803,28.4011774009829
312512,11849.2396018933,34.0457034738701,28.4032084253495
312812,11831.6921303524,34.0365992352731,28.4024601255815
313112,11830.2097107487,34.0330451841865,28.3996119885919
313412,11877.3355330529,34.0533179682267,28.3974439048682
313712,11905.0764977435,34.0669657418483,28.3978816953038
314012,11903.1971785379,34.0689907064557,28.4008015738186
314312,11943.0456539457,34.0933168675656,28.4061522704486
314612,11959.3534117006,34.1082401519472,28.4133099558993
314912,11865.2996687257,34.0689098341502,28.418767134757
315212,11876.8522546241,34.0774812969466,28.4218373661732
315512,11898.4100985975,34.0894743383331,28.4235647675724
315812,11940.0191681742,34.1121001238884,28.4263767104721
316112,11939.2657147,34.1162923719119,28.4309277458643
316412,11905.8507562439,34.1052370196318,28.4357842785633
316712,11960.7078061319,34.1370206924462,28.4414455466691
317012,12037.7963509207,34.1821224455091,28.4498384688802
317312,12087.1429310761,34.2180098831265,28.462227534995
317612,12060.9685724774,34.2199966540161,28.4766782861697
317912,12006.004335843,34.2066750186407,28.4895300968107
318212,12031.3191331028,34.2291837651026,28.4999841779108
318512,12002.2688476297,34.2230140843988,28.5076479664799
318812,11967.7843255133,34.2115027138784,28.5125577969673
319112,11974.5684309976,34.2179169651485,28.5157415218163
319412,11941.3906714007,34.20366730615,28.5172907959592
319712,11991.4639655845,34.2295128053827,28.5192918693901
320012,12064.1353120842,34.2692577935364,28.5244314544487
320312,12057.3771272457,34.2742243464988,28.5326161906675
320612,11969.7185980357,34.2399454033506,28.540079404286
320912,11966.5044136873,34.2433291145603,28.5449936794711
321212,11984.7962420071,34.2549689901054,28.5479231605782
321512,11929.7175668866,34.2295383163287,28.5487204273351
321812,11864.7643547626,34.1963782268239,28.5464904388417
322112,11838.9883220129,34.1788164761059,28.5412029894331
322412,11883.9665884311,34.1944769318419,28.5354452230652
322712,11914.7369829957,34.2054830605645,28.5317987829475
323012,11947.831947945,34.2213001391026,28.5318563543669
323312,11921.3812315506,34.2113088288679,28.5344606233676
323612,11953.9351461928,34.2313143119891,28.5389642423735
323912,12026.9419065781,34.2717438618163,28.5446286682077
324212,12014.4968015753,34.2728537057592,28.5516647526281
324512,11986.4324648903,34.267967359922,28.5601423766409
324812,11968.9379469587,34.267010521463,28.5675162610065
325112,11946.1387525221,34.2609989921031,28.5723614909021
325412,11988.2953608881,34.284954381239,28.5762423046256
325712,12001.6657978356,34.2957365654906,28.5806576141403
326012,12015.7948007601,34.3082979508171,28.5864909028361
326312,12027.7283235117,34.3211441404194,28.5936544625567
326612,12047.6337118469,34.3389083119916,28.6019398777788
326912,12033.6607789814,34.3406072307553,28.6102925740975
327212,12052.5890766477,34.3579496673943,28.6186215356573
327512,12013.0147028081,34.3461048234842,28.6256216316708
327812,11932.2867378156,34.3109913797183,28.6289500759966
328112,11953.7469840167,34.3216261214125,28.6293656528331
328412,12011.1717121028,34.3472719420101,28.6276663648183
328712,11949.2535840376,34.3165720743085,28.6264513200049
329012,12009.7413985483,34.3471324667098,28.6282079912106
329312,12031.8036880524,34.3634617393211,28.6340314116771
329612,12007.9504339736,34.3585683816145,28.640496746389
329912,11982.3338070679,34.3516797453277,28.6458065038668
330212,11975.2989621159,34.3519761284915,28.6494528131982
330512,11939.325110063,34.3362818581131,28.6508889485593
330812,11908.1612508281,34.3205010802999,28.6499481037151
331112,11917.0366276613,34.3225231858986,28.6477438393932
331412,11886.0794168628,34.3045942215144,28.6445564039607
331712,11897.6911338023,34.3070019589907,28.6414347524182
332012,11866.3333528478,34.2886841981473,28.6380492682198
332312,11895.5652644611,34.2999660051958,28.6354111173572
332612,11871.210967611,34.286101144576,28.6331435409517
332912,11882.8859137645,34.2900728165149,28.6315557147223
333212,11902.8010219432,34.2991386806085,28.6311381939689
333512,11884.4391731045,34.2906219708495,28.6313652217521
333812,11895.4680336568,34.2966805624638,28.6321719750082
334112,11856.4534207718,34.2781779124246,28.6322477120571
334412,11880.6547169839,34.2895577899341,28.6321031627989
334712,11934.4408443534,34.3166266823598,28.6335596136201
335012,11903.8082395115,34.3046515127033,28.6361713986502
335312,11896.9754012432,34.3043445323814,28.639118150837
335612,11904.3982641457,34.3106446374801,28.6418835593155
335912,11886.8690903623,34.3043101797594,28.6438963272059
336212,11906.5222612258,34.3155985324123,28.6458260270667
336512,11966.1453039813,34.3477877551817,28.6496233247144
336812,11956.5809177695,34.3487388890766,28.655128928234
337112,11882.9623744392,34.3203531207112,28.6617996090735
337412,11947.8228685227,34.3571004204269,28.6676609592256
337712,12017.9450215438,34.3947789279296,28.6719479652897
338012,12002.9232362371,34.3934185811507,28.6777408496092
338312,12027.7084330076,34.4139260087075,28.6864458025134
338612,12015.1431832534,34.4178529948724,28.6963562409422
338912,11965.3764733642,34.4022908602561,28.7044925396065
339212,11927.6512529916,34.3900324466628,28.7101985166668
339512,11918.7406734558,34.3876914496288,28.7121006527451
339812,11917.0178608763,34.3855670646835,28.7107966547424
340112,11958.4079182035,34.4033350608356,28.7088550997863
340412,11959.5575900214,34.4040886135794,28.7090611897597
340712,11989.8904839349,34.4232664400928,28.7137947810762
341012,11988.7991624715,34.4291360124768,28.7201840303475
341312,12012.263659234,34.4476208300282,28.727495278012
341612,12026.383259583,34.4623058849506,28.7354567137206
341912,12084.4670997156,34.4997774336954,28.7452692909737
342212,12092.2081842587,34.5149586997707,28.7567643263142
342512,12152.738947183,34.5576711738164,28.7706526275388
342812,12141.2499080552,34.5671052167966,28.7855576415322
343112,12104.487717828,34.5632144504155,28.7991726800212
343412,12120.2132683141,34.582445187203,28.8109150594344
343712,12179.3321261537,34.6222582229706,28.8225762581355
344012,12220.2857530005,34.6551681427119,28.8359844508069
344312,12275.2980458938,34.6978748320775,28.8524948102233
344612,12203.8173890457,34.6803371124649,28.8689954986336
344912,12232.877348803,34.7095711627314,28.8843914728252
345212,12191.139730686,34.7022042284677,28.8968995948077
345512,12158.0878746611,34.6954836540238,28.9059179994233
345812,121.250360186125,28.6414661149968,28.5837278482415
346112,0,27.7825140374755,27.8392549286863
346412,0,26.8986586047559,26.9003708052475
346712,0,26.0011361686048,26.0006030037028
347012,0,25.228922182285,25.2288943969825
347312,0,24.5677305241654,24.5677782835953
347612,0,24.0038683887239,24.003880719141
347912,0,23.5037654741361,23.5037520669022
348212,0,23.0589659917061,23.0589630463539
348512,0,22.662306259391,22.6623106309974
348812,0,22.307131279934,22.3071321342979
349112,0,21.987641679204,21.9876395605686
349412,0,21.6973824349342,21.6973831180396
349712,0,21.4300173115905,21.430018760599
350012,0,21.1817414858108,21.1817407226611
350312,0,20.9514498269414,20.9514491373822
350612,0,20.7379224424292,20.7379231357891
350912,0,20.537989688661,20.5379899295793
351212,0,20.3486247320658,20.3486242129092
351512,0,20.1696772721312,20.1696772662171
351812,0,20.0022309865681,20.0022313227275
352112,0,19.8448059527017,19.8448058589599
352412,0,19.6939736678081,19.6939734781658
352712,0,19.5489428501811,19.5489429656253
353012,0,19.4120475087946,19.4120475976447
353312,0,19.2832865224918,19.2832864955498
353612,0,19.1597962883945,19.1597962652012
353912,0,19.0404070344013,19.0404070444112
354212,0,18.9259571911443,18.925957198411
354512,0,18.8169384798986,18.8169384767564
354812,0,18.7126647911059,18.7126647889845
355112,0,18.6121576151438,18.6121576161766
355412,0,18.5151380484828,18.5151380491151
355712,0,18.4218017092865,18.4218017089544
356012,0,18.3320663515971,18.3320663514111
356312,0,18.2455421267773,18.2455421268848
356612,0,18.1618735001897,18.1618735002452
356912,0,18.080934762338,18.0809347623037
357212,0,18.0026947779319,18.0026947779161
357512,0,17.9270222006887,17.9270222007001
357812,0,17.8537119981849,17.8537119981905
358112,0,17.7826013901923,17.782601390189
358412,0,17.7135912941508,17.7135912941498
358712,0,17.6466314593521,17.6466314593534
359012,0,17.5815910811498,17.5815910811503
359312,0,17.5183573081695,17.5183573081688
359612,0,17.4568384649773,17.4568384649772
359912,0,17.396977241022,17.3969772410226
360212,0,17.3386888354024,17.3386888354032
360512,0,17.281892929688,17.2818929296882
360812,0,17.2265283965399,17.2265283965401
361112,0,17.1725284377281,17.1725284377288
361412,0,17.1198358304267,17.1198358304265
361712,0,17.068382850772,17.0683828507724
362012,0,17.0181425838073,17.0181425838072
362312,0,16.9690445709785,16.969044570979
362612,0,16.9210414118069,16.9210414118071
362912,0,16.8740985907569,16.8740985907571
363212,0,16.8281744170793,16.8281744170791
363512,0,16.7832114847152,16.7832114847151
363812,0,16.7391952375667,16.7391952375662
364112,0,16.6960874998927,16.6960874998929
364412,0,16.6538410241976,16.6538410241981
364712,0,16.6124228888568,16.6124228888575
365012,0,16.5718227245452,16.5718227245451
365312,0,16.5319999496667,16.5319999496667
365612,0,16.4929334031289,16.4929334031294
365912,0,16.4545855074153,16.4545855074153
366212,0,16.4169271321593,16.4169271321595
366512,0,16.3799509416384,16.379950941638
366812,0,16.3436382390321,16.3436382390315
367112,0,16.3079620372387,16.3079620372387
367412,0,16.2728983366727,16.2728983366731
367712,0,16.2384209345639,16.2384209345643
368012,0,16.2045086320229,16.204508632023
368312,0,16.1711741991917,16.171174199192
368612,0,16.1383829256726,16.1383829256727
368912,0,16.1061038392539,16.106103839254
369212,0,16.0743363874524,16.0743363874523
369512,0,16.0430699940117,16.0430699940116
369812,0,16.0122796298273,16.0122796298274
370112,0,15.9819598362189,15.9819598362192
370412,0,15.952095137045,15.9520951370451
370712,0,15.9226546532253,15.9226546532254
371012,0,15.8936717880496,15.89367178805
371312,0,15.8651016248621,15.8651016248623
371612,0,15.8369165806977,15.836916580698
371912,0,15.8091465791146,15.809146579115
372212,0,15.7817615652389,15.7817615652386
372512,0,15.7547463576556,15.7547463576558
372812,0,15.7281058866789,15.7281058866789
373112,0,15.7018228656441,15.7018228656444
373412,0,15.6758787718892,15.6758787718895
373712,0,15.6502816314106,15.650281631411
374012,0,15.6250229128523,15.625022912852
374312,0,15.6000794106554,15.6000794106561
374612,0,15.5755606338886,15.5755606338886
374912,0,15.5513579127607,15.5513579127613
375212,0,15.5274546769137,15.527454676914
375512,0,15.5038427432518,15.5038427432519
375812,0,15.4804509419492,15.4804509419494
376112,0,15.4573077565021,15.4573077565026
376412,0,15.4344308645009,15.4344308645011
376712,0,15.4118203310874,15.4118203310875
377012,0,15.3894780995532,15.3894780995532
377312,0,15.3673938844791,15.3673938844792
377612,0,15.3455645268359,15.3455645268364
377912,0,15.3239789303829,15.3239789303834
378212,0,15.3026407594064,15.3026407594062
378512,0,15.2815393644965,15.2815393644964
378812,0,15.2606754324141,15.2606754324141
379112,0,15.2400348743703,15.2400348743703
379412,0,15.219619966046,15.2196199660464
379712,0,15.1994264172045,15.1994264172043
380012,0,15.1794444675931,15.1794444675936
380312,0,15.1596778413342,15.1596778413347
380612,0,15.1401165995347,15.1401165995343
380912,0,15.120760469072,15.1207604690722
381212,0,15.1015984273819,15.1015984273819
381512,0,15.0826371615235,15.0826371615237
381812,0,15.0638617873371,15.0638617873378
382112,0,15.0453433421585,15.0453433421581
382412,0,15.0270139695312,15.0270139695318
382712,0,15.0088633821983,15.0088633821989
383012,0,14.9908881022639,14.9908881022643
383312,0,14.9730467453843,14.9730467453849
383612,0,14.9553601404115,14.9553601404118
383912,0,14.9378346216753,14.9378346216751
384212,0,14.9204721814988,14.9204721814984
384512,0,14.9032769723447,14.9032769723451
384812,0,14.8862442545083,14.8862442545088
385112,0,14.8693647226119,14.8693647226119
385412,0,14.8526424903571,14.8526424903569
385712,0,14.8360765125992,14.8360765125994
386012,0,14.8196568126166,14.8196568126169
386312,0,14.8033854051554,14.8033854051557
386612,0,14.7872626301043,14.7872626301042
386912,0,14.7712793288235,14.7712793288237
387212,0,14.7554384862261,14.755438486226
387512,0,14.7397394720886,14.7397394720892
387812,0,14.724174425866,14.7241744258658
388112,0,14.7087441576517,14.7087441576515
388412,0,14.6934449284571,14.6934449284573
388712,0,14.6782797146406,14.6782797146412
389012,0,14.6632390803723,14.6632390803723
389312,0,14.6483270202799,14.6483270202802
389612,0,14.6335809271862,14.6335809271862
389912,0,14.6189599726505,14.6189599726501
390212,0,14.6044594124537,14.6044594124543
390512,0,14.5900771412777,14.5900771412781
390812,0,14.5757844711222,14.5757844711225
391112,0,14.5615929800392,14.5615929800398
391412,0,14.5475111330902,14.5475111330903
391712,0,14.5335414176044,14.533541417605
392012,0,14.5196832114489,14.5196832114487
392312,0,14.5059343312745,14.5059343312743
392612,0,14.4922927863295,14.4922927863299
392912,0,14.4787570155033,14.4787570155034
393212,0,14.4653256978787,14.4653256978791
393512,0,14.4520001250112,14.4520001250112
393812,0,14.4387748552497,14.4387748552499
394112,0,14.4256499810693,14.4256499810697
394412,0,14.4126228050882,14.4126228050883
394712,0,14.3996966953312,14.3996966953311
395012,0,14.3868637374775,14.3868637374772
395312,0,14.3741273278637,14.3741273278637
395612,0,14.3614855958473,14.3614855958468
395912,0,14.3489386737054,14.3489386737062
396212,0,14.3364807112138,14.3364807112144
396512,0,14.3241127179633,14.3241127179634
396812,0,14.3118338866825,14.311833886683
397112,0,14.2996460433932,14.2996460433935
397412,0,14.2875412005305,14.2875412005305
397712,0,14.2755265700599,14.2755265700602
398012,0,14.2636234379157,14.2636234379153
398312,0,14.2518068566033,14.2518068566035
398612,0,14.2400724919615,14.2400724919617
398912,0,14.228418959543,14.2284189595428
399212,0,14.2168267305717,14.2168267305719
399512,0,14.2053048323176,14.2053048323179
399812,0,14.1938592641894,14.1938592641898
400112,0,14.1824918236117,14.1824918236123
400412,0,14.1712003966496,14.1712003966498
400712,0,14.1599846714433,14.1599846714433
401012,0,14.1488460446517,14.148846044652
401312,0,14.1377792328763,14.1377792328769
401612,0,14.1267864860991,14.1267864860991
401912,0,14.1158644066405,14.1158644066405
402212,0,14.1050199177276,14.1050199177276
402512,0,14.094240436599,14.0942404365991
402812,0,14.0835343584554,14.0835343584558
403112,0,14.0728948654751,14.072894865475
403412,0,14.0623277994699,14.06232779947
403712,0,14.0518234748935,14.0518234748932
404012,0,14.0413887486114,14.0413887486116
404312,0,14.0310203484535,14.0310203484538
404612,0,14.020716584107,14.0207165841067
404912,0,14.0105002100968,14.0105002100972
405212,0,14.0003498407841,14.0003498407842
405512,0,13.9902624282792,13.9902624282793
405812,0,13.9802371003213,13.9802371003218
406112,0,13.9702731853424,13.9702731853421
406412,0,13.9603549919635,13.9603549919637
406712,0,13.9504919584487,13.9504919584495
407012,0,13.9406874071519,13.9406874071519
407312,0,13.9309402464316,13.9309402464318
407612,0,13.9212515003184,13.9212515003176
407912,0,13.9116221350899,13.9116221350903
408212,0,13.9020509563126,13.9020509563129
408512,0,13.8925354163889,13.8925354163895
408812,0,13.8830756701265,13.8830756701266
409112,0,13.8736728072712,13.8736728072712
409412,0,13.8643258958651,13.8643258958654
409712,0,13.8550330224035,13.8550330224036
410012,0,13.8457933611882,13.8457933611884
410312,0,13.8366074798809,13.8366074798806
410612,0,13.8274753563775,13.8274753563774
410912,0,13.8183960686513,13.8183960686508
411212,0,13.8093681961833,13.8093681961844
411512,0,13.8004093656998,13.8004093657002
411812,0,13.7915030652509,13.7915030652511
412112,0,13.782647042729,13.7826470427299
412412,0,13.7738406531661,13.773840653166
412712,0,13.7650832640895,13.7650832640891
413012,0,13.7563623310219,13.7563623310226
413312,0,13.7476854362058,13.7476854362058
413612,0,13.7390555332981,13.7390555332988
413912,0,13.7304722130022,13.7304722130022
414212,0,13.7219353128,13.7219353128
414512,0,13.7134459494989,13.7134459494991
414812,0,13.7050031379124,13.7050031379131
415112,0,13.696606170007,13.6966061700075
415412,0,13.6882539747276,13.6882539747281
415712,0,13.6799468512228,13.6799468512234
416012,0,13.671684443829,13.6716844438294
416312,0,13.663466880471,13.663466880471
416612,0,13.6553081666863,13.6553081666862
416912,0,13.6471936287854,13.6471936287858
417212,0,13.6391218551329,13.6391218551324
417512,0,13.6310924494741,13.6310924494748
417812,0,13.6231050846787,13.6231050846784
418112,0,13.6151490261319,13.6151490261327
418412,0,13.6072301789565,13.6072301789567
418712,0,13.5993512481001,13.5993512481
419012,0,13.591512890243,13.5915128902434
419312,0,13.5837143786807,13.5837143786807
419612,0,13.575956141552,13.575956141552
419912,0,13.5682374797015,13.5682374797024
420212,0,13.5605584289386,13.5605584289391
420512,0,13.5529180939047,13.5529180939049
420812,0,13.5453165771219,13.545316577122
421112,0,13.5377535212305,13.5377535212311
421412,0,13.5302417868982,13.5302417868986
421712,0,13.5227686668371,13.5227686668372
422012,0,13.5153326964488,13.5153326964485
422312,0,13.5079334020674,13.5079334020675
422612,0,13.5005706539238,13.5005706539242
422912,0,13.4932440780836,13.4932440780842
423212,0,13.4859444520641,13.4859444520644
423512,0,13.4786772249942,13.4786772249943
423812,0,13.4714447045785,13.4714447045785
424112,0,13.4642466537812,13.4642466537815
424412,0,13.4570830857236,13.4570830857236
424712,0,13.4499544231385,13.4499544231381
425012,0,13.4428605109785,13.4428605109791
425312,0,13.4358005072445,13.4358005072443
425612,0,13.4287743544245,13.4287743544249
425912,0,13.4217813957757,13.421781395776
426212,0,13.4148213827239,13.4148213827243
426512,0,13.4078946914721,13.4078946914722
426812,0,13.4010014423576,13.4010014423574
427112,0,13.3941403437166,13.3941403437168
427412,0,13.3873107769529,13.3873107769533
427712,0,13.3805131732314,13.3805131732319
428012,0,13.3737591523357,13.3737591523358
428312,0,13.3670373968514,13.3670373968519
428612,0,13.360346582546,13.3603465825462
428912,0,13.3536863478588,13.3536863478587
429212,0,13.3470566280595,13.3470566280593
429512,0,13.3404497750273,13.3404497750274
429812,0,13.3338699415687,13.3338699415689
430112,0,13.3273191101482,13.327319110148
430412,0,13.320798144351,13.3207981443514
430712,0,13.3143064049168,13.3143064049168
431012,0,13.3078438758791,13.3078438758788
431312,0,13.301410597714,13.3014105977143
431612,0,13.2950065075521,13.2950065075525
431912,0,13.2886307889205,13.2886307889208
432212,0,13.2822835107094,13.2822835107092
432512,0,13.2759647517444,13.2759647517447
432812,0,13.2696836701024,13.2696836701023
433112,0,13.2634310205985,13.2634310205988
433412,0,13.2572058962534,13.2572058962538
433712,0,13.2510080102115,13.2510080102111
434012,0,13.2448372130379,13.2448372130382
434312,0,13.238693201673,13.2386932016733
434612,0,13.2325758775668,13.2325758775671
434912,0,13.2264784742637,13.2264784742633
435212,0,13.2204049456612,13.2204049456611
435512,0,13.2143569343257,13.214356934326
435812,0,13.2083341583773,13.2083341583772
436112,0,13.2023372976343,13.2023372976344
436412,0,13.1963663938243,13.1963663938245
436712,0,13.1904209539329,13.1904209539337
437012,0,13.1845003191913,13.1845003191916
437312,0,13.1786051948123,13.1786051948125
437612,0,13.1727350503737,13.1727350503735
437912,0,13.1668895571343,13.1668895571348
438212,0,13.161068675338,13.1610686753381
438512,0,13.1552726003164,13.1552726003163
438812,0,13.1495001939969,13.1495001939973
439112,0,13.1437518220387,13.1437518220386
439412,0,13.1380361326179,13.1380361326177
439712,0,13.1323449495232,13.1323449495229
440012,0,13.1266770796605,13.1266770796609
440312,0,13.1210324175273,13.1210324175277
440612,0,13.1154107964569,13.1154107964572
440912,0,13.1098121896043,13.109812189605
441212,0,13.1042309270948,13.1042309270954
441512,0,13.0986699633121,13.0986699633123
441812,0,13.0931308912996,13.0931308912993
442112,0,13.0876140871035,13.0876140871037
442412,0,13.0821193783094,13.0821193783096
442712,0,13.07664705979,13.0766470597906
443012,0,13.0711965898169,13.0711965898167
443312,0,13.0657681198753,13.065768119875
443612,0,13.0603612462251,13.0603612462256
443912,0,13.0549759994672,13.0549759994674
444212,0,13.0496122263691,13.0496122263691
444512,0,13.0442696466473,13.0442696466479
444812,0,13.038956026571,13.0389560265709
445112,0,13.0336639184364,13.0336639184363
445412,0,13.0283925354394,13.0283925354398
445712,0,13.0231416839371,13.0231416839371
446012,0,13.0179113609835,13.0179113609838
446312,0,13.0127013875011,13.0127013875013
446612,0,13.007506693446,13.0075066934458
446912,0,13.0023301928301,13.00233019283
447212,0,12.9971733401234,12.9971733401233
447512,0,12.9920358915704,12.9920358915704
447812,0,12.9869181924454,12.9869181924461
448112,0,12.9818204639793,12.9818204639796
448412,0,12.9767425259003,12.9767425259003
448712,0,12.9716837752411,12.9716837752405
449012,0,12.9666441328661,12.9666441328664
449312,0,12.9616237450717,12.9616237450719
449612,0,12.9566226129929,12.9566226129934
449912,0,12.9516405298017,12.9516405298017
450212,0,12.9466774217308,12.9466774217311
450512,0,12.9417327486877,12.9417327486876
450812,0,12.936813526477,12.9368135264773
451112,0,12.9319133653125,12.9319133653129
451412,0,12.9270315393734,12.9270315393736
451712,0,12.9221678008044,12.9221678008045
452012,0,12.9173220871544,12.9173220871547
452312,0,12.9124942473217,12.9124942473218
452612,0,12.9076842755527,12.9076842755532
452912,0,12.9028877079939,12.9028877079938
453212,0,12.8981069925384,12.8981069925389
453512,0,12.8933432029427,12.8933432029429
453812,0,12.8885967024756,12.8885967024755
454112,0,12.8838674348019,12.8838674348016
454412,0,12.8791554377952,12.8791554377956
454712,0,12.8744607597236,12.8744607597237
455012,0,12.8697832102359,12.8697832102361
455312,0,12.8651225180164,12.8651225180165
455612,0,12.8604784932043,12.8604784932039
455912,0,12.8558514654129,12.8558514654133
456212,0,12.8512411764906,12.8512411764906
456512,0,12.8466473393593,12.8466473393596
456812,0,12.8420698329047,12.8420698329048
457112,0,12.8375146227534,12.8375146227535
457412,0,12.8329761035231,12.8329761035226
457712,0,12.8284538104061,12.8284538104061
458012,0,12.8239475500041,12.8239475500045
458312,0,12.8194572651863,12.8194572651867
458612,0,12.8149827506517,12.8149827506522
458912,0,12.8105240092203,12.8105240092202
459212,0,12.8060770006981,12.8060770006983
459512,0,12.8016441150259,12.8016441150264
459812,0,12.7972263799678,12.7972263799689
460112,0,12.7928237818838,12.7928237818838
460412,0,12.7884364053343,12.7884364053344
460712,0,12.7840646669581,12.7840646669576
461012,0,12.7797080435329,12.7797080435332
461312,0,12.7753663430745,12.7753663430753
461612,0,12.7710396537177,12.7710396537177
461912,0,12.7667280399114,12.7667280399115
462212,0,12.7624313165237,12.7624313165241
462512,0,12.7581495602755,12.7581495602755
462812,0,12.7538821741356,12.7538821741354
463112,0,12.7496293318239,12.7496293318246
463412,0,12.745391061832,12.7453910618322
463712,0,12.7411726610518,12.7411726610515
464012,0,12.7369689077295,12.7369689077293
464312,0,12.7327793282269,12.7327793282274
464612,0,12.7286038679588,12.728603867959
464912,0,12.7244425090228,12.7244425090231
465212,0,12.7202951178321,12.7202951178323
465512,0,12.7161616068576,12.7161616068573
465812,0,12.7120419434549,12.7120419434547
466112,0,12.7079360034008,12.707936003401
466412,0,12.7038437875766,12.7038437875769
466712,0,12.6997651428754,12.6997651428754
467012,0,12.6957000745612,12.6957000745618
467312,0,12.6916484291639,12.6916484291642
467612,0,12.6876102144247,12.6876102144253
467912,0,12.6835852785861,12.6835852785863
468212,0,12.6795736298304,12.6795736298308
468512,0,12.6755751172103,12.6755751172105
468812,0,12.6715897502164,12.6715897502164
469112,0,12.6676173786483,12.6676173786485
469412,0,12.6636580135163,12.6636580135159
469712,0,12.6597115069683,12.6597115069682
470012,0,12.6557778676891,12.655777867689
470312,0,12.6518569561699,12.6518569561699
470612,0,12.6479487689744,12.6479487689739
470912,0,12.6440531844817,12.6440531844814
471212,0,12.6401701804255,12.6401701804258
471512,0,12.636299657743,12.636299657743
471812,0,12.6324415735848,12.6324415735852
472112,0,12.6285958486699,12.6285958486704
472412,0,12.6247624271342,12.6247624271347
472712,0,12.6209412418932,12.6209412418935
473012,0,12.6171322288852,12.6171322288853
473312,0,12.613335327714,12.6133353277145
473612,0,12.6095504714504,12.6095504714508
473912,0,12.6057776022872,12.6057776022868
474212,0,12.6020166536886,12.6020166536892
474512,0,12.5982675685237,12.598267568524
474812,0,12.5945302817738,12.5945302817738
475112,0,12.5908047363557,12.5908047363561
475412,0,12.5870908690966,12.5870908690965
475712,0,12.5833886226912,12.5833886226913
476012,0,12.5796979359069,12.5796979359066
476312,0,12.5760187516115,12.5760187516115
476612,0,12.5723510098608,12.5723510098611
476912,0,12.5686946540653,12.5686946540654
477212,0,12.5650496252254,12.5650496252256
477512,0,12.5614158673776,12.5614158673783
477812,0,12.5577933225776,12.5577933225778
478112,0,12.554181935439,12.5541819354388
478412,0,12.550581649439,12.5505816494387
478712,0,12.5469924094588,12.546992409459
479012,0,12.5434141605896,12.5434141605895
479312,0,12.5398468479212,12.5398468479211
479612,0,12.5362904177825,12.5362904177829
479912,0,12.5327448156747,12.532744815675
480212,0,12.5292099888397,12.5292099888401
480512,0,12.5256858834807,12.5256858834807
480812,0,12.5221724476562,12.5221724476565
481112,0,12.5186696283442,12.5186696283445
481412,0,12.5151773742165,12.5151773742167
481712,0,12.5116956332051,12.511695633205
482012,0,12.5082243546576,12.5082243546576
482312,0,12.5047634874531,12.5047634874537
482612,0,12.5013129815521,12.5013129815522
482912,0,12.4978727867426,12.4978727867428
483212,0,12.4944428535957,12.4944428535956
483512,0,12.4910231327286,12.4910231327289
483812,0,12.4876135753132,12.4876135753137
484112,0,12.4842141327758,12.4842141327758
484412,0,12.4808247569138,12.4808247569144
484712,0,12.4774453998236,12.4774453998239
485012,0,12.4740760138673,12.4740760138678
485312,0,12.4707165516899,12.4707165516909
485612,0,12.4673669662324,12.4673669662317
485912,0,12.4640272107461,12.4640272107462
486212,0,12.4606972388257,12.4606972388253
486512,0,12.4573770044601,12.4573770044602
486812,0,12.4540664618958,12.4540664618958
487112,0,12.4507655658216,12.4507655658219
487412,0,12.4474720246121,12.4474720246123
487712,0,12.4441869634121,12.4441869634119
488012,0,12.4409111156186,12.4409111156191
488312,0,12.437644707922,12.4376447079219
488612,0,12.4343877633226,12.434387763323
488912,0,12.4311402462102,12.43114024621
489212,0,12.4279021068091,12.4279021068092
489512,0,12.4246732962345,12.4246732962346
489812,0,12.4214537699525,12.4214537699528
490112,0,12.4182434854821,12.4182434854819
490412,0,12.4150424001309,12.4150424001312
490712,0,12.4118504707961,12.4118504707961
491012,0,12.4086676556748,12.4086676556747
491312,0,12.405493912155,12.4054939121549
491612,0,12.4023292009015,12.4023292009009
491912,0,12.3991734774214,12.3991734774215
492212,0,12.3960267091313,12.3960267091309
492512,0,12.3928888491441,12.3928888491446
492812,0,12.389759885279,12.3897598852789
493112,0,12.386639762801,12.3866397628007
493412,0,12.3835284422407,12.3835284422407
493712,0,12.3804257503584,12.3804257503584
494012,0,12.3773318548666,12.3773318548666
494312,0,12.3742466469147,12.3742466469145
494612,0,12.3711700560633,12.3711700560635
494912,0,12.3681019511745,12.3681019511743
495212,0,12.3650426225462,12.3650426225462
495512,0,12.3619946656211,12.3619946656213
495812,0,12.3589552529065,12.3589552529067
496112,0,12.3559241698296,12.35592416983
496412,0,12.3529015733452,12.3529015733454
496712,0,12.3498874029369,12.349887402937
497012,0,12.3468815464929,12.346881546493
497312,0,12.343883985218,12.3438839852185
497612,0,12.3408946086126,12.340894608613
497912,0,12.3379134539445,12.3379134539442
498212,0,12.3349404164863,12.3349404164865
498512,0,12.3319755309769,12.3319755309771
498812,0,12.3290186902932,12.3290186902931
499112,0,12.3260699292889,12.3260699292892
499412,0,12.3231291420838,12.3231291420838
499712,0,12.320196364719,12.3201963647197
500012,0,12.3172714928464,12.3172714928466
500312,0,12.3143545608147,12.3143545608143
500612,0,12.3114454649296,12.3114454649296
500912,0,12.3085442401052,12.3085442401053
501212,0,12.3056507846899,12.3056507846897
501512,0,12.302765131472,12.3027651314721
501812,0,12.2998871836377,12.2998871836373
502112,0,12.2970169680131,12.2970169680133
502412,0,12.2941543945267,12.2941543945271
502712,0,12.2912994817897,12.2912994817899
503012,0,12.2884521516262,12.2884521516264
503312,0,12.2856124102417,12.2856124102419
503612,0,12.2827801936035,12.2827801936037
503912,0,12.2799554951767,12.2799554951768
504212,0,12.2771382620182,12.2771382620185
504512,0,12.2743284787536,12.2743284787542
504812,0,12.2715261016456,12.2715261016457
505112,0,12.2687311079496,12.26873110795
505412,0,12.2659434606488,12.2659434606491
505712,0,12.2631631331094,12.2631631331097
506012,0,12.2603900910495,12.2603900910499
506312,0,12.2576243061932,12.2576243061934
506612,0,12.2548657465586,12.2548657465587
506912,0,12.2521143826439,12.2521143826439
507212,0,12.2493701841635,12.2493701841637
507512,0,12.2466331215769,12.2466331215771
507812,0,12.2439031645286,12.2439031645284
508112,0,12.2411802836737,12.2411802836739
508412,0,12.2384644494408,12.2384644494408
508712,0,12.2357556324804,12.2357556324802
509012,0,12.2330538038757,12.2330538038763
509312,0,12.2303589347172,12.2303589347179
509612,0,12.2276709960975,12.2276709960981
509912,0,12.2249899596768,12.2249899596765
510212,0,12.2223157971333,12.2223157971335
510512,0,12.2196484800733,12.2196484800735
510812,0,12.2169879807636,12.2169879807636
511112,0,12.2143342713109,12.2143342713105
511412,0,12.2116873238605,12.2116873238604
511712,0,12.2090471111652,12.2090471111655
512012,0,12.2064136057658,12.2064136057659
512312,0,12.2037867804095,12.2037867804104
512612,0,12.2011666082352,12.2011666082352
512912,0,12.198553062357,12.1985530623569
513212,0,12.1959461158986,12.1959461158988
513512,0,12.19334574258,12.1933457425799
513812,0,12.1907519157916,12.1907519157919
514112,0,12.1881646092581,12.1881646092587
514412,0,12.1855837968659,12.1855837968658
514712,0,12.1830094525063,12.1830094525062
515012,0,12.1804415500779,12.1804415500777
515312,0,12.1778800639543,12.1778800639547
515612,0,12.1753249682342,12.1753249682346
515912,0,12.1727762374824,12.1727762374824
516212,0,12.1702338463448,12.1702338463447
516512,0,12.1676977696036,12.1676977696043
516812,0,12.1651679822118,12.1651679822124
517112,0,12.1626444594745,12.1626444594749
517412,0,12.1601257192117,12.1601257192123
517712,0,12.157612493532,12.1576124935325
518012,0,12.1551052571162,12.1551052571167
518312,0,12.1526041573211,12.1526041573208
518612,0,12.1501092180856,12.1501092180854
518912,0,12.1476204292546,12.1476204292552
519212,0,12.1451377641347,12.1451377641351
519512,0,12.142661189447,12.1426611894465
519812,0,12.1401906773833,12.1401906773835
520112,0,12.1377262055649,12.1377262055651
520412,0,12.1352677529009,12.1352677529012
520712,0,12.1328152953811,12.1328152953814
521012,0,12.1303688119318,12.1303688119319
521312,0,12.1279282776008,12.1279282776009
521612,0,12.1254936725448,12.1254936725452
521912,0,12.123064965192,12.1230649651928
522212,0,12.1206421441944,12.1206421441944
522512,0,12.1182251680876,12.1182251680874
522812,0,12.1158140460003,12.115814046
523112,0,12.1134087085073,12.1134087085073
523412,0,12.1110092024315,12.1110092024318
523712,0,12.1086154088947,12.1086154088949
524012,0,12.1062274090552,12.1062274090552
524312,0,12.103845062254,12.1038450622543
524612,0,12.1014685206761,12.1014685206758
524912,0,12.0990977126949,12.099097712695
525212,0,12.0967327965822,12.0967327965823
525512,0,12.094374965006,12.0943749650066
525812,0,12.0920230488791,12.0920230488792
526112,0,12.0896767665932,12.0896767665936
526412,0,12.0873360421688,12.0873360421687
526712,0,12.0850008888378,12.0850008888377
527012,0,12.0826712086415,12.0826712086417
527312,0,12.0803470455229,12.0803470455231
527612,0,12.078028341196,12.0780283411963
527912,0,12.0757151322716,12.0757151322711
528212,0,12.073407316014,12.0734073160143
528512,0,12.0711049241497,12.0711049241496
528812,0,12.0688079032316,12.0688079032319
529112,0,12.0665162988414,12.0665162988416
529412,0,12.064230015111,12.0642300151112
529712,0,12.0619490716489,12.0619490716488
530012,0,12.059673414611,12.0596734146109
530312,0,12.0574030929649,12.0574030929649
530612,0,12.0551380251849,12.0551380251848
530912,0,12.0528782138454,12.0528782138455
531212,0,12.050623610799,12.0506236107986
531512,0,12.048374254609,12.0483742546093
531812,0,12.0461300909262,12.0461300909271
532112,0,12.043891101181,12.0438911011815
532412,0,12.041657247396,12.0416572473964
532712,0,12.0394285496276,12.0394285496281
533012,0,12.0372049812177,12.0372049812177
533312,0,12.0349865111561,12.034986511156
533612,0,12.0327731052539,12.0327731052538
533912,0,12.0305647699309,12.0305647699313
534212,0,12.0283614930882,12.0283614930879
534512,0,12.0261632454043,12.0261632454042
534812,0,12.0239699918644,12.0239699918647
535112,0,12.0217817291523,12.0217817291522
535412,0,12.0195984488346,12.0195984488352
535712,0,12.0174201306182,12.0174201306179
536012,0,12.0152467396178,12.0152467396183
536312,0,12.0130782652745,12.0130782652751
536612,0,12.0109146954676,12.0109146954676
536912,0,12.0087560181654,12.008756018166
537212,0,12.0066022038852,12.0066022038858
537512,0,12.0044532381429,12.0044532381433
537812,0,12.0023090999525,12.0023090999533
538112,0,12.0001697815704,12.0001697815703
538412,0,11.9980352626937,11.9980352626937
538712,0,11.9959055293821,11.9959055293825
539012,0,11.9937805508587,11.9937805508591
539312,0,11.9916603171732,11.9916603171742
539612,0,11.9895448174514,11.9895448174519
539912,0,11.9874340445012,11.9874340445015
540212,0,11.9853279594043,11.9853279594044
540512,0,11.9832265445025,11.9832265445027
540812,0,11.9811297951679,11.9811297951679
541112,0,11.9790377147875,11.9790377147872
541412,0,11.976950261125,11.9769502611248
541712,0,11.9748674065279,11.9748674065281
542012,0,11.9727891460269,11.9727891460271
542312,0,11.9707154943472,11.9707154943468
542612,0,11.9686464126632,11.9686464126632
542912,0,11.9665818646074,11.966581864608
543212,0,11.9645218395473,11.9645218395476
543512,0,11.9624663591463,11.9624663591463
543812,0,11.9604153934077,11.9604153934078
544112,0,11.9583689027162,11.9583689027165
544412,0,11.9563268678928,11.956326867893
544712,0,11.9542893088986,11.9542893088988
545012,0,11.9522562068418,11.9522562068419
545312,0,11.9502275261873,11.9502275261875
545612,0,11.9482032413115,11.9482032413118
545912,0,11.9461833619837,11.9461833619834
546212,0,11.9441678763508,11.9441678763512
546512,0,11.9421567603782,11.9421567603791
546812,0,11.9401499881741,11.9401499881741
547112,0,11.9381475535594,11.9381475535598
547412,0,11.9361494452966,11.9361494452966
547712,0,11.9341556525872,11.9341556525872
548012,0,11.932166155367,11.9321661553675
548312,0,11.9301809249595,11.9301809249595
548612,0,11.9281999451343,11.9281999451337
548912,0,11.9262232563038,11.9262232563036
549212,0,11.9242507156649,11.9242507156645
549512,0,11.9222824726467,11.9222824726467
549812,0,11.9203183745905,11.9203183745906
550112,0,11.9183584763939,11.9183584763949
550412,0,11.9164027702442,11.9164027702442
550712,0,11.9144511992618,11.9144511992615
551012,0,11.9125038250772,11.9125038250773
551312,0,11.9105605078867,11.9105605078869
551612,0,11.9086213982804,11.90862139828
551912,0,11.9066862808549,11.9066862808553
552212,0,11.9047553333961,11.9047553333959
552512,0,11.9028284063399,11.9028284063398
552812,0,11.9009056279342,11.9009056279344
553112,0,11.8989869318452,11.8989869318455
553412,0,11.8970723182437,11.8970723182445
553712,0,11.8951617426467,11.8951617426469
554012,0,11.8932551877403,11.8932551877403
554312,0,11.8913526362769,11.8913526362771
554612,0,11.8894531483632,11.8894531483637
554912,0,11.8875571824744,11.8875571824743
555212,0,11.8856650521166,11.8856650521166
555512,0,11.8837768581988,11.8837768581988
555812,0,11.8818926193833,11.8818926193835
556112,0,11.8800123266292,11.8800123266291
556412,0,11.8781359670547,11.8781359670551
556712,0,11.8762635233146,11.8762635233145
557012,0,11.8743949964257,11.8743949964254
557312,0,11.8725303929765,11.8725303929767
557612,0,11.8706697818564,11.8706697818566
557912,0,11.8688133022704,11.8688133022707
558212,0,11.8669608678366,11.8669608678365
558512,0,11.8651123324294,11.8651123324297
558812,0,11.8632682650746,11.863268265075
559112,0,11.8614281659358,11.8614281659364
559412,0,11.859591870578,11.8595918705786
559712,0,11.8577593089001,11.8577593089003
560012,0,11.8559304991895,11.8559304991896
560312,0,11.854105445035,11.8541054450353
560612,0,11.8522841389487,11.8522841389488
560912,0,11.8504665607039,11.8504665607037
561212,0,11.848652696717,11.848652696717
561512,0,11.8468425377015,11.8468425377014
561812,0,11.8450360700342,11.8450360700349
562112,0,11.8432332836851,11.8432332836847
562412,0,11.8414341707532,11.8414341707535
562712,0,11.8396387154277,11.8396387154279
563012,0,11.8378468975394,11.8378468975394
563312,0,11.8360587125022,11.8360587125024
563612,0,11.8342741567722,11.8342741567718
563912,0,11.8324932149784,11.8324932149789
564212,0,11.8307158660474,11.8307158660472
564512,0,11.8289421021177,11.8289421021178
564812,0,11.8271719145969,11.8271719145966
565112,0,11.8254052944375,11.8254052944381
565412,0,11.8236422302401,11.8236422302401
565712,0,11.8218827095757,11.821882709576
566012,0,11.8201267122516,11.8201267122521
566312,0,11.8183742307434,11.8183742307439
566612,0,11.8166252655748,11.8166252655751
566912,0,11.814879805812,11.8148798058121
567212,0,11.8131378252158,11.8131378252156
567512,0,11.8113993128882,11.811399312888
567812,0,11.8096642695471,11.8096642695471
568112,0,11.8079326889224,11.8079326889225
568412,0,11.8062045509135,11.8062045509135
568712,0,11.8044798431111,11.8044798431116
569012,0,11.8027585535211,11.8027585535212
569312,0,11.8010406749758,11.8010406749757
569612,0,11.7993262013181,11.7993262013185
569912,0,11.7976151253544,11.797615125354
570212,0,11.7959074229543,11.7959074229542
570512,0,11.7942030801393,11.7942030801392
570812,0,11.7925020983935,11.7925020983938
571112,0,11.7908044776979,11.7908044776977
571412,0,11.7891101936509,11.7891101936512
571712,0,11.7874192292572,11.7874192292577
572012,0,11.7857315792317,11.7857315792322
572312,0,11.7840472421602,11.7840472421601
572612,0,11.7823662048446,11.7823662048453
572912,0,11.7806884578432,11.7806884578436
573212,0,11.7790139831225,11.7790139831225
573512,0,11.7773427686584,11.777342768659
573812,0,11.7756748114888,11.775674811489
574112,0,11.7740101149388,11.7740101149389
574412,0,11.7723486539008,11.7723486539006
574712,0,11.7706904042928,11.7706904042927
575012,0,11.7690353514543,11.7690353514548
575312,0,11.7673835549147,11.7673835549149
575612,0,11.765734884239,11.7657348842395
575912,0,11.7640894270953,11.7640894270952
576212,0,11.7624471379108,11.7624471379109
576512,0,11.7608079876052,11.760807987606
576812,0,11.7591720351598,11.7591720351603
577112,0,11.757539162999,11.757539162999
577412,0,11.7559095116629,11.755909511663
577712,0,11.7542828969302,11.7542828969306
578012,0,11.7526594949482,11.7526594949481
578312,0,11.7510391081614,11.7510391081618
578612,0,11.7494219255506,11.749421925551
578912,0,11.7478077270622,11.7478077270626
579212,0,11.7461967192869,11.7461967192874
579512,0,11.7445886824754,11.7445886824757
579812,0,11.7429838142676,11.742983814268
580112,0,11.7413818932329,11.7413818932328
580412,0,11.7397831306911,11.739783130691
580712,0,11.7381872976961,11.7381872976962
581012,0,11.7365945974146,11.7365945974152
581312,0,11.7350048119756,11.7350048119762
581612,0,11.7334181476131,11.7334181476133
581912,0,11.7318343738629,11.7318343738629
582212,0,11.7302537008202,11.73025370082
582512,0,11.7286759086769,11.7286759086774
582812,0,11.7271011984791,11.7271011984792
583112,0,11.7255293446786,11.7255293446792
583412,0,11.7239605606806,11.7239605606808
583712,0,11.7223946200211,11.7223946200214
584012,0,11.7208317243082,11.7208317243081
584312,0,11.7192716544552,11.7192716544557
584612,0,11.7177146197109,11.7177146197114
584912,0,11.7161603899491,11.7161603899489
585212,0,11.7146091726815,11.7146091726817
585512,0,11.7130607501073,11.7130607501071
585812,0,11.7115153245068,11.7115153245068
586112,0,11.7099726689474,11.7099726689469
586412,0,11.708432996021,11.7084329960211
586712,0,11.7068960822481,11.7068960822484
587012,0,11.705362128238,11.7053621282376
587312,0,11.7038309145462,11.7038309145465
587612,0,11.7023026507517,11.7023026507521
587912,0,11.7007771093757,11.700777109376
588212,0,11.699254495551,11.6992544955509
588512,0,11.6977345896258,11.6977345896261
588812,0,11.6962175981313,11.6962175981316
589112,0,11.6947032847239,11.6947032847236
589412,0,11.6931918653146,11.6931918653144
589712,0,11.6916831119444,11.6916831119448
590012,0,11.690177214087,11.6901772140872
590312,0,11.6886740135296,11.6886740135301
590612,0,11.6871736379341,11.6871736379341
590912,0,11.6856760035538,11.6856760035541
591212,0,11.6841811526244,11.6841811526256
591512,0,11.682689037713,11.6826890377136
591812,0,11.6811996621597,11.6811996621595
592112,0,11.6797130038742,11.6797130038746
592412,0,11.6782290603058,11.6782290603068
592712,0,11.6767471977822,11.676747197783
593012,0,11.6752677218521,11.6752677218516
593312,0,11.6737908466586,11.6737908466582
593612,0,11.6723166651411,11.6723166651414
593912,0,11.6708452032549,11.670845203255
594212,0,11.6693765614644,11.6693765614644
594512,0,11.6679109048144,11.6679109048148
594812,0,11.6664479289883,11.6664479289891
595112,0,11.6649879818553,11.6649879818552
595412,0,11.6635307972603,11.6635307972596
595712,0,11.6620762774442,11.6620762774446
596012,0,11.6606243642994,11.6606243642992
596312,0,11.6591750542049,11.6591750542047
596612,0,11.6577283492839,11.6577283492838
596912,0,11.6562842400056,11.6562842400054
597212,0,11.6548427192844,11.6548427192844
597512,0,11.6534037791327,11.6534037791334
597812,0,11.6519674142153,11.6519674142153
598112,0,11.6505336181188,11.6505336181193
598412,0,11.649102383963,11.6491023839629
598712,0,11.6476737052387,11.6476737052386
599012,0,11.6462475746584,11.6462475746588
599312,0,11.6448239853873,11.644823985388
599612,0,11.6434029308758,11.6434029308762
599912,0,11.6419844036533,11.6419844036533
600212,0,11.6405683966759,11.6405683966765
600512,0,11.6391549039586,11.6391549039587
600812,0,11.6377439165497,11.6377439165503
601112,0,11.6363354301514,11.6363354301521
601412,0,11.6349294365858,11.6349294365864
601712,0,11.6335259296308,11.6335259296305
602012,0,11.6321249027944,11.6321249027945
602312,0,11.630726349571,11.630726349571
602612,0,11.6293302603654,11.6293302603652
602912,0,11.6279366317678,11.6279366317677
603212,0,11.6265454539853,11.6265454539861
603512,0,11.625156722724,11.6251567227242
603812,0,11.6237704312342,11.6237704312339
604112,0,11.6223865742527,11.6223865742531
604412,0,11.6210051407813,11.621005140782
604712,0,11.6196261285252,11.6196261285251
605012,0,11.6182495243227,11.6182495243229
